Timestamp,Record number,Average Water Speed,Average Water Direction,Chlorophyll,Chlorophyll [quality],Temperature,Temperature [quality],Dissolved Oxygen,Dissolved Oxygen [quality],Dissolved Oxygen (%Saturation),Dissolved Oxygen (%Saturation) [quality],pH,pH [quality],Salinity,Salinity [quality],Specific Conductance,Specific Conductance [quality],Turbidity,Turbidity [quality]
2023-09-04 18:00:00,2968,2.323,312.571,3.097,1020.0,21.729,1020.0,6.762,1020.0,94.556,1020.0,8.064,1020.0,35.44,1020.0,53.582,1020.0,2.265,1020.0
2023-09-04 18:30:00,2969,3.939,168.317,3.73,1020.0,21.569,1020.0,6.725,1020.0,93.79,1020.0,8.062,1020.0,35.467,1020.0,53.615,1020.0,1.578,1020.0
2023-09-04 19:00:00,2970,2.497,183.803,5.459,1020.0,21.467,1020.0,6.816,1020.0,94.892,1020.0,8.053,1020.0,35.472,1020.0,53.621,1020.0,2.038,1020.0
2023-09-04 19:30:00,2971,3.484,256.097,3.619,1020.0,21.556,1020.0,6.498,1020.0,,,8.052,1020.0,35.35,1020.0,53.458,1020.0,1.731,1020.0
2023-09-04 20:00:00,2972,1.795,133.812,3.668,1020.0,21.664,1020.0,6.183,1020.0,,,8.06,1020.0,35.281,1020.0,53.366,1020.0,1.605,1020.0
2023-09-04 20:30:00,2973,5.381,95.933,3.994,1020.0,21.663,1020.0,6.636,1020.0,92.66,1020.0,8.054,1020.0,35.396,1020.0,53.521,1020.0,1.728,1020.0
2023-09-04 21:00:00,2974,5.303,184.922,8.797,1020.0,21.34,1020.0,7.123,1020.0,98.605,1020.0,8.066,1020.0,34.897,1020.0,52.845,1020.0,2.195,1020.0
2023-09-04 21:30:00,2975,6.679,80.235,4.705,1020.0,21.207,1020.0,7.01,1020.0,96.514,1020.0,8.073,1020.0,34.381,1020.0,52.146,1020.0,2.295,1020.0
2023-09-04 22:00:00,2976,3.207,123.839,5.472,1020.0,21.449,1020.0,6.876,1020.0,95.148,1020.0,8.06,1020.0,34.494,1020.0,52.303,1020.0,2.799,1020.0
2023-09-04 22:30:00,2977,7.966,317.223,3.758,1020.0,21.459,1020.0,6.788,1020.0,93.896,1020.0,8.062,1020.0,34.398,1020.0,52.173,1020.0,2.602,1020.0
2023-09-04 23:00:00,2978,2.373,8.404,3.807,1020.0,21.473,1020.0,6.981,1020.0,96.662,1020.0,8.061,1020.0,34.522,1020.0,52.34,1020.0,2.407,1020.0
2023-09-04 23:30:00,2979,2.35,193.274,3.802,1020.0,21.461,1020.0,6.561,1020.0,,,8.061,1020.0,34.634,1020.0,52.491,1020.0,2.324,1020.0
2023-09-05 00:00:00,2980,2.702,53.979,2.879,1020.0,21.475,1020.0,7.023,1020.0,97.325,1020.0,8.059,1020.0,34.666,1020.0,52.535,1020.0,2.36,1020.0
2023-09-05 00:30:00,2981,9.48,237.355,3.484,1020.0,21.395,1020.0,6.611,1020.0,,,8.061,1020.0,34.607,1020.0,52.454,1020.0,2.36,1020.0
2023-09-05 01:00:00,2982,9.574,248.379,2.863,1020.0,21.097,1020.0,,,,,8.067,1020.0,34.355,1020.0,52.11,1020.0,2.282,1020.0
2023-09-05 01:30:00,2983,2.46,190.478,3.145,1020.0,20.859,1020.0,6.953,1020.0,95.098,1020.0,8.075,1020.0,34.312,1020.0,52.05,1020.0,1.999,1020.0
2023-09-05 02:00:00,2984,5.488,345.408,3.003,1020.0,20.844,1020.0,6.656,1020.0,,,8.073,1020.0,34.35,1020.0,52.1,1020.0,1.917,1020.0
2023-09-05 02:30:00,2985,6.537,294.738,3.305,1020.0,20.71,1020.0,6.943,1020.0,94.711,1020.0,8.075,1020.0,34.318,1020.0,52.057,1020.0,1.924,1020.0
2023-09-05 03:00:00,2986,8.255,302.739,3.157,1020.0,20.621,1020.0,6.876,1020.0,93.618,1020.0,8.077,1020.0,34.27,1020.0,51.99,1020.0,1.946,1020.0
2023-09-05 03:30:00,2987,9.101,285.775,3.008,1020.0,20.576,1020.0,6.908,1020.0,93.974,1020.0,8.072,1020.0,34.27,1020.0,51.99,1020.0,2.018,1020.0
2023-09-05 04:00:00,2988,9.53,283.398,2.249,1020.0,20.504,1020.0,6.478,1020.0,,,8.062,1020.0,34.233,1020.0,51.94,1020.0,1.682,1020.0
2023-09-05 04:30:00,2989,8.719,231.125,2.223,1020.0,20.377,1020.0,6.624,1020.0,,,8.058,1020.0,34.226,1020.0,51.929,1020.0,1.697,1020.0
2023-09-05 05:00:00,2990,2.566,215.991,1.994,1020.0,20.274,1020.0,6.481,1020.0,,,8.052,1020.0,34.163,1020.0,51.843,1020.0,1.691,1020.0
2023-09-05 05:30:00,2991,6.53,269.726,2.506,1020.0,20.206,1020.0,6.525,1020.0,,,8.054,1020.0,34.158,1020.0,51.836,1020.0,1.641,1020.0
2023-09-05 06:00:00,2992,5.395,19.167,2.965,1020.0,20.628,1020.0,6.326,1020.0,,,8.039,1020.0,34.493,1020.0,52.292,1020.0,1.929,1020.0
2023-09-05 06:30:00,2993,5.111,18.682,1.848,1020.0,20.37,1020.0,6.266,1020.0,,,8.046,1020.0,34.298,1020.0,52.027,1020.0,1.966,1020.0
2023-09-05 07:00:00,2994,5.481,54.771,3.343,1020.0,20.978,1020.0,6.44,1020.0,,,8.037,1020.0,35.005,1020.0,52.986,1020.0,1.916,1020.0
2023-09-05 07:30:00,2995,5.761,174.776,3.14,1020.0,21.154,1020.0,6.319,1020.0,,,8.039,1020.0,35.012,1020.0,52.997,1020.0,1.856,1020.0
2023-09-05 08:00:00,2996,6.273,57.112,2.924,1020.0,21.114,1020.0,6.302,1020.0,,,8.04,1020.0,34.936,1020.0,52.894,1020.0,1.704,1020.0
2023-09-05 08:30:00,2997,11.915,32.548,2.288,1020.0,21.08,1020.0,6.109,1020.0,,,8.039,1020.0,34.892,1020.0,52.835,1020.0,1.882,1020.0
2023-09-05 09:00:00,2998,4.509,201.651,1.396,1020.0,21.179,1020.0,6.619,1020.0,,,8.046,1020.0,34.808,1020.0,52.723,1020.0,1.965,1020.0
2023-09-05 09:30:00,2999,0.75,137.156,1.279,1020.0,20.954,1020.0,6.54,1020.0,,,8.048,1020.0,34.756,1020.0,52.65,1020.0,2.021,1020.0
2023-09-05 09:30:00,3000,0.75,137.156,1.279,1020.0,20.954,1020.0,6.54,1020.0,,,8.048,1020.0,34.756,1020.0,52.65,1020.0,2.021,1020.0
2023-09-05 10:00:00,3001,3.037,69.68,1.182,1020.0,21.074,1020.0,6.789,1020.0,93.456,1020.0,8.051,1020.0,34.753,1020.0,52.648,1020.0,1.793,1020.0
2023-09-05 10:30:00,3002,8.578,94.159,1.283,1020.0,21.186,1020.0,6.895,1020.0,95.13,1020.0,8.055,1020.0,34.801,1020.0,52.713,1020.0,1.871,1020.0
2023-09-05 11:00:00,3003,3.233,28.773,1.151,1020.0,21.356,1020.0,6.827,1020.0,94.533,1020.0,8.056,1020.0,34.889,1020.0,52.834,1020.0,2.029,1020.0
2023-09-05 11:30:00,3004,0.616,331.897,1.088,1020.0,21.441,1020.0,7.076,1020.0,98.157,1020.0,8.06,1020.0,34.936,1020.0,52.899,1020.0,2.269,1020.0
2023-09-05 12:00:00,3005,3.733,122.533,1.385,1020.0,21.476,1020.0,7.178,1020.0,99.652,1020.0,8.059,1020.0,34.978,1020.0,52.956,1020.0,2.444,1020.0
2023-09-05 12:30:00,3006,7.46,59.448,1.221,1020.0,21.596,1020.0,6.971,1020.0,96.978,1020.0,8.064,1020.0,34.96,1020.0,52.934,1020.0,2.894,1020.0
2023-09-05 13:00:00,3007,7.62,103.918,,,,,,,,,,,,,,,,
2023-09-05 13:30:00,3008,22.347,321.183,1.54,1020.0,22.649,1020.0,7.904,1020.0,,,8.151,1020.0,,,0.092,1020.0,,
2023-09-05 14:00:00,3009,,,,,21.753,1020.0,,,101.059,1020.0,8.092,1020.0,,,0.021,1020.0,1.522,1020.0
2023-09-05 14:30:00,3010,3.66,261.819,2.543,1020.0,21.727,1020.0,7.215,1020.0,100.765,1020.0,8.06,1020.0,35.215,1020.0,53.278,1020.0,3.171,1020.0
2023-09-05 15:00:00,3011,4.461,174.389,2.852,1020.0,21.699,1020.0,7.326,1020.0,102.251,1020.0,8.062,1020.0,35.197,1020.0,53.254,1020.0,3.246,1020.0
2023-09-05 15:30:00,3012,3.376,59.72,2.762,1020.0,21.796,1020.0,7.33,1020.0,102.442,1020.0,8.057,1020.0,35.143,1020.0,53.183,1020.0,2.112,1020.0
2023-09-05 16:00:00,3013,1.33,98.177,3.451,1020.0,21.748,1020.0,7.55,1020.0,105.446,1020.0,8.07,1020.0,35.173,1020.0,53.223,1020.0,2.553,1020.0
2023-09-05 16:30:00,3014,7.269,112.967,3.714,1020.0,21.704,1020.0,7.556,1020.0,105.497,1020.0,8.076,1020.0,35.237,1020.0,53.308,1020.0,2.411,1020.0
2023-09-05 17:00:00,3015,5.405,197.681,3.614,1020.0,21.81,1020.0,7.499,1020.0,104.887,1020.0,8.066,1020.0,35.218,1020.0,53.284,1020.0,2.515,1020.0
2023-09-05 17:30:00,3016,1.788,75.312,3.34,1020.0,22.0,1020.0,7.466,1020.0,104.708,1020.0,8.071,1020.0,35.102,1020.0,53.131,1020.0,2.0,1020.0
2023-09-05 18:00:00,3017,5.148,72.143,3.268,1020.0,22.129,1020.0,7.296,1020.0,102.473,1020.0,8.075,1020.0,34.976,1020.0,52.963,1020.0,1.592,1020.0
2023-09-05 18:30:00,3018,4.35,294.091,3.5,1020.0,22.291,1020.0,7.406,1020.0,104.289,1020.0,8.066,1020.0,34.902,1020.0,52.866,1020.0,1.678,1020.0
2023-09-05 19:00:00,3019,1.323,216.916,3.362,1020.0,22.31,1020.0,7.213,1020.0,101.594,1020.0,8.062,1020.0,34.898,1020.0,52.862,1020.0,1.619,1020.0
2023-09-05 19:30:00,3020,2.077,44.56,3.355,1020.0,21.834,1020.0,7.296,1020.0,102.074,1020.0,8.064,1020.0,35.19,1020.0,53.247,1020.0,2.157,1020.0
2023-09-05 20:00:00,3021,7.028,323.505,3.329,1020.0,22.1,1020.0,7.147,1020.0,100.369,1020.0,8.06,1020.0,35.024,1020.0,53.028,1020.0,1.764,1020.0
2023-09-05 20:30:00,3022,4.721,139.546,3.371,1020.0,22.049,1020.0,6.935,1020.0,97.315,1020.0,8.054,1020.0,35.048,1020.0,53.059,1020.0,1.812,1020.0
2023-09-05 21:00:00,3023,2.208,273.201,2.984,1020.0,21.961,1020.0,6.951,1020.0,97.466,1020.0,8.047,1020.0,35.184,1020.0,53.241,1020.0,2.144,1020.0
2023-09-05 21:30:00,3024,4.913,130.336,4.175,1020.0,21.91,1020.0,6.741,1020.0,94.444,1020.0,8.04,1020.0,35.214,1020.0,53.281,1020.0,2.07,1020.0
2023-09-05 22:00:00,3025,5.601,228.389,3.84,1020.0,21.857,1020.0,6.669,1020.0,93.303,1020.0,8.038,1020.0,35.147,1020.0,53.189,1020.0,1.581,1020.0
2023-09-05 22:30:00,3026,2.854,191.805,3.52,1020.0,21.744,1020.0,6.723,1020.0,93.899,1020.0,8.042,1020.0,35.169,1020.0,53.217,1020.0,1.881,1020.0
2023-09-05 23:00:00,3027,1.087,315.922,3.905,1020.0,21.705,1020.0,6.82,1020.0,95.211,1020.0,8.039,1020.0,35.217,1020.0,53.281,1020.0,1.653,1020.0
2023-09-05 23:30:00,3028,5.26,306.797,3.472,1020.0,21.72,1020.0,6.39,1020.0,,,8.042,1020.0,35.22,1020.0,53.286,1020.0,1.879,1020.0
2023-09-06 00:00:00,3029,6.643,16.597,3.5,1020.0,21.564,1020.0,6.753,1020.0,93.94,1020.0,8.047,1020.0,35.05,1020.0,53.054,1020.0,1.498,1020.0
2023-09-06 00:30:00,3030,7.857,202.644,2.362,1020.0,21.427,1020.0,6.616,1020.0,,,8.05,1020.0,34.973,1020.0,52.948,1020.0,1.289,1020.0
2023-09-06 01:00:00,3031,4.843,230.143,2.031,1020.0,21.389,1020.0,6.829,1020.0,94.672,1020.0,8.049,1020.0,34.979,1020.0,52.957,1020.0,1.389,1020.0
2023-09-06 01:30:00,3032,1.238,168.342,2.572,1020.0,21.371,1020.0,6.766,1020.0,93.747,1020.0,8.047,1020.0,34.971,1020.0,52.946,1020.0,1.414,1020.0
2023-09-06 02:00:00,3033,2.305,222.558,1.958,1020.0,21.339,1020.0,6.613,1020.0,,,8.045,1020.0,34.957,1020.0,52.926,1020.0,1.498,1020.0
2023-09-06 02:30:00,3034,4.724,242.824,1.996,1020.0,21.3,1020.0,6.433,1020.0,,,8.049,1020.0,34.965,1020.0,52.936,1020.0,1.323,1020.0
2023-09-06 03:00:00,3035,8.938,308.953,1.865,1020.0,21.309,1020.0,6.294,1020.0,,,8.045,1020.0,34.959,1020.0,52.929,1020.0,1.282,1020.0
2023-09-06 03:30:00,3036,7.927,103.718,1.974,1020.0,21.316,1020.0,6.362,1020.0,,,8.049,1020.0,34.961,1020.0,52.93,1020.0,1.531,1020.0
2023-09-06 04:00:00,3037,1.462,229.352,2.048,1020.0,21.285,1020.0,6.413,1020.0,,,8.043,1020.0,34.971,1020.0,52.944,1020.0,1.124,1020.0
2023-09-06 04:30:00,3038,6.243,258.089,2.252,1020.0,21.345,1020.0,6.22,1020.0,,,8.033,1020.0,35.035,1020.0,53.031,1020.0,1.461,1020.0
2023-09-06 05:00:00,3039,2.51,288.939,1.987,1020.0,21.229,1020.0,6.266,1020.0,,,8.043,1020.0,35.035,1020.0,53.03,1020.0,1.381,1020.0
2023-09-06 05:30:00,3040,2.969,297.474,1.759,1020.0,21.078,1020.0,6.22,1020.0,,,8.039,1020.0,34.999,1020.0,52.98,1020.0,1.145,1020.0
2023-09-06 06:00:00,3041,3.49,87.43,1.252,1020.0,21.14,1020.0,6.061,1020.0,,,8.025,1020.0,35.039,1020.0,53.034,1020.0,1.284,1020.0
2023-09-06 06:30:00,3042,5.094,245.294,1.555,1020.0,21.074,1020.0,6.006,1020.0,,,8.026,1020.0,35.02,1020.0,53.008,1020.0,1.559,1020.0
2023-09-06 07:00:00,3043,3.432,323.711,1.663,1020.0,21.022,1020.0,6.014,1020.0,,,8.037,1020.0,35.012,1020.0,52.997,1020.0,1.331,1020.0
2023-09-06 07:30:00,3044,1.768,348.504,1.426,1020.0,20.967,1020.0,6.034,1020.0,,,8.038,1020.0,34.997,1020.0,52.976,1020.0,1.134,1020.0
2023-09-06 08:00:00,3045,1.461,24.46,1.29,1020.0,20.996,1020.0,6.189,1020.0,,,8.041,1020.0,35.005,1020.0,52.987,1020.0,1.377,1020.0
2023-09-06 08:30:00,3046,7.566,135.912,1.636,1020.0,21.087,1020.0,6.253,1020.0,,,8.037,1020.0,35.036,1020.0,53.029,1020.0,1.33,1020.0
2023-09-06 09:00:00,3047,2.903,358.758,2.146,1020.0,21.246,1020.0,6.087,1020.0,,,8.03,1020.0,35.104,1020.0,53.122,1020.0,1.723,1020.0
2023-09-06 09:30:00,3048,2.095,205.62,1.905,1020.0,21.309,1020.0,6.55,1020.0,,,8.048,1020.0,35.124,1020.0,53.151,1020.0,1.726,1020.0
2023-09-06 09:30:00,3049,2.095,205.62,1.905,1020.0,21.309,1020.0,6.55,1020.0,,,8.048,1020.0,35.124,1020.0,53.151,1020.0,1.726,1020.0
2023-09-06 10:00:00,3050,4.996,24.355,1.368,1020.0,21.318,1020.0,6.016,1020.0,,,8.051,1020.0,35.089,1020.0,53.103,1020.0,1.301,1020.0
2023-09-06 10:30:00,3051,5.739,113.453,1.029,1020.0,21.335,1020.0,6.45,1020.0,,,8.038,1020.0,35.075,1020.0,53.085,1020.0,1.314,1020.0
2023-09-06 11:00:00,3052,9.573,61.045,1.402,1020.0,21.43,1020.0,6.629,1020.0,92.014,1020.0,8.047,1020.0,35.07,1020.0,53.079,1020.0,1.334,1020.0
2023-09-06 11:30:00,3053,6.767,27.717,1.207,1020.0,21.646,1020.0,6.856,1020.0,95.543,1020.0,8.054,1020.0,35.104,1020.0,53.128,1020.0,1.631,1020.0
2023-09-06 12:00:00,3054,9.594,86.76,1.35,1020.0,21.78,1020.0,7.068,1020.0,98.741,1020.0,8.056,1020.0,35.13,1020.0,53.165,1020.0,1.801,1020.0
2023-09-06 12:30:00,3055,4.322,91.523,1.447,1020.0,21.876,1020.0,7.164,1020.0,100.266,1020.0,8.059,1020.0,35.145,1020.0,53.186,1020.0,2.623,1020.0
2023-09-06 13:00:00,3056,9.055,100.683,1.574,1020.0,21.967,1020.0,7.211,1020.0,101.112,1020.0,8.073,1020.0,35.175,1020.0,53.229,1020.0,1.911,1020.0
2023-09-06 13:30:00,3057,7.322,61.825,1.622,1020.0,22.029,1020.0,7.35,1020.0,103.189,1020.0,8.072,1020.0,35.205,1020.0,53.27,1020.0,2.055,1020.0
2023-09-06 14:00:00,3058,8.013,49.072,2.127,1020.0,22.135,1020.0,7.344,1020.0,103.294,1020.0,8.071,1020.0,35.201,1020.0,53.267,1020.0,2.413,1020.0
2023-09-06 14:30:00,3059,2.359,8.671,1.954,1020.0,22.325,1020.0,7.376,1020.0,104.104,1020.0,8.075,1020.0,35.212,1020.0,53.284,1020.0,1.922,1020.0
2023-09-06 15:00:00,3060,4.085,152.2,2.604,1020.0,22.291,1020.0,7.494,1020.0,105.714,1020.0,8.076,1020.0,35.228,1020.0,53.305,1020.0,1.944,1020.0
2023-09-06 15:30:00,3061,4.793,359.059,2.642,1020.0,22.369,1020.0,7.563,1020.0,106.845,1020.0,8.078,1020.0,35.224,1020.0,53.301,1020.0,1.939,1020.0
2023-09-06 16:00:00,3062,6.925,34.613,3.093,1020.0,22.463,1020.0,7.674,1020.0,108.577,1020.0,8.079,1020.0,35.214,1020.0,53.29,1020.0,1.851,1020.0
2023-09-06 16:30:00,3063,3.78,131.697,3.269,1020.0,22.497,1020.0,7.679,1020.0,108.716,1020.0,8.074,1020.0,35.207,1020.0,53.281,1020.0,1.914,1020.0
2023-09-06 17:00:00,3064,4.994,72.166,3.146,1020.0,22.48,1020.0,7.585,1020.0,107.346,1020.0,8.072,1020.0,35.211,1020.0,53.286,1020.0,1.916,1020.0
2023-09-06 17:30:00,3065,1.243,287.522,3.427,1020.0,22.45,1020.0,7.57,1020.0,107.078,1020.0,8.072,1020.0,35.207,1020.0,53.281,1020.0,1.691,1020.0
2023-09-06 18:00:00,3066,2.135,189.008,9.227,1020.0,22.451,1020.0,7.533,1020.0,106.564,1020.0,8.073,1020.0,35.218,1020.0,53.295,1020.0,1.88,1020.0
2023-09-06 18:30:00,3067,2.738,64.195,3.591,1020.0,22.412,1020.0,7.463,1020.0,105.495,1020.0,8.068,1020.0,35.215,1020.0,53.291,1020.0,2.034,1020.0
2023-09-06 19:00:00,3068,1.332,17.074,4.126,1020.0,22.347,1020.0,7.394,1020.0,104.393,1020.0,8.064,1020.0,35.215,1020.0,53.289,1020.0,1.919,1020.0
2023-09-06 19:30:00,3069,4.159,181.501,3.646,1020.0,22.286,1020.0,7.294,1020.0,102.877,1020.0,8.072,1020.0,35.221,1020.0,53.296,1020.0,1.797,1020.0
2023-09-06 20:00:00,3070,2.505,30.208,3.604,1020.0,22.228,1020.0,6.859,1020.0,96.638,1020.0,8.066,1020.0,35.224,1020.0,53.3,1020.0,2.351,1020.0
2023-09-06 20:30:00,3071,7.935,346.998,3.795,1020.0,22.179,1020.0,6.93,1020.0,97.575,1020.0,8.064,1020.0,35.232,1020.0,53.309,1020.0,1.965,1020.0
2023-09-06 21:00:00,3072,3.213,96.612,4.043,1020.0,22.134,1020.0,6.787,1020.0,95.475,1020.0,8.065,1020.0,35.234,1020.0,53.31,1020.0,1.714,1020.0
2023-09-06 21:30:00,3073,4.218,109.629,3.677,1020.0,22.086,1020.0,6.853,1020.0,96.326,1020.0,8.063,1020.0,35.235,1020.0,53.312,1020.0,1.959,1020.0
2023-09-06 22:00:00,3074,2.47,328.644,3.834,1020.0,22.009,1020.0,7.005,1020.0,98.311,1020.0,8.073,1020.0,35.223,1020.0,53.294,1020.0,2.0,1020.0
2023-09-06 22:30:00,3075,4.416,107.631,4.302,1020.0,21.983,1020.0,6.94,1020.0,97.377,1020.0,8.068,1020.0,35.233,1020.0,53.306,1020.0,1.912,1020.0
2023-09-06 23:00:00,3076,3.555,39.9,3.659,1020.0,21.944,1020.0,6.71,1020.0,94.077,1020.0,8.063,1020.0,35.228,1020.0,53.3,1020.0,2.048,1020.0
2023-09-06 23:30:00,3077,2.423,58.584,2.789,1020.0,21.864,1020.0,6.821,1020.0,95.502,1020.0,8.055,1020.0,35.233,1020.0,53.305,1020.0,1.737,1020.0
2023-09-07 00:00:00,3078,3.132,64.481,3.651,1020.0,21.737,1020.0,6.597,1020.0,92.134,1020.0,8.074,1020.0,35.19,1020.0,53.245,1020.0,2.541,1020.0
2023-09-07 00:30:00,3079,2.402,81.546,3.863,1020.0,21.762,1020.0,6.692,1020.0,93.508,1020.0,8.06,1020.0,35.214,1020.0,53.277,1020.0,1.815,1020.0
2023-09-07 01:00:00,3080,1.296,124.64,4.198,1020.0,21.781,1020.0,6.58,1020.0,,,8.063,1020.0,35.225,1020.0,53.293,1020.0,2.018,1020.0
2023-09-07 01:30:00,3081,3.363,18.791,3.731,1020.0,21.763,1020.0,6.707,1020.0,93.736,1020.0,8.056,1020.0,35.229,1020.0,53.298,1020.0,1.856,1020.0
2023-09-07 02:00:00,3082,6.381,183.011,3.144,1020.0,21.738,1020.0,6.26,1020.0,,,8.052,1020.0,35.23,1020.0,53.299,1020.0,2.456,1020.0
2023-09-07 02:30:00,3083,6.438,278.224,4.01,1020.0,21.739,1020.0,6.551,1020.0,,,8.051,1020.0,35.237,1020.0,53.309,1020.0,1.852,1020.0
2023-09-07 03:00:00,3084,2.489,157.416,3.063,1020.0,21.705,1020.0,6.508,1020.0,,,8.05,1020.0,35.232,1020.0,53.301,1020.0,1.836,1020.0
2023-09-07 03:30:00,3085,7.265,12.65,4.229,1020.0,21.676,1020.0,6.196,1020.0,,,8.051,1020.0,35.234,1020.0,53.304,1020.0,1.752,1020.0
2023-09-07 04:00:00,3086,7.475,246.743,3.633,1020.0,21.66,1020.0,6.367,1020.0,,,8.047,1020.0,35.241,1020.0,53.312,1020.0,1.932,1020.0
2023-09-07 04:30:00,3087,1.639,309.88,2.637,1020.0,21.621,1020.0,6.435,1020.0,,,8.048,1020.0,35.24,1020.0,53.311,1020.0,1.885,1020.0
2023-09-07 05:00:00,3088,2.912,120.49,3.492,1020.0,21.596,1020.0,6.347,1020.0,,,8.044,1020.0,35.237,1020.0,53.306,1020.0,1.935,1020.0
2023-09-07 05:30:00,3089,2.618,305.462,3.599,1020.0,21.565,1020.0,6.425,1020.0,,,8.05,1020.0,35.242,1020.0,53.313,1020.0,1.988,1020.0
2023-09-07 06:00:00,3090,1.636,3.072,2.79,1020.0,21.533,1020.0,6.561,1020.0,,,8.041,1020.0,35.247,1020.0,53.319,1020.0,1.802,1020.0
2023-09-07 06:30:00,3091,3.555,197.522,2.158,1020.0,21.494,1020.0,6.378,1020.0,,,8.045,1020.0,35.245,1020.0,53.316,1020.0,1.744,1020.0
2023-09-07 07:00:00,3092,1.32,288.711,2.011,1020.0,21.496,1020.0,6.361,1020.0,,,8.042,1020.0,35.251,1020.0,53.324,1020.0,2.33,1020.0
2023-09-07 07:30:00,3093,7.113,235.748,1.886,1020.0,21.498,1020.0,6.256,1020.0,,,8.042,1020.0,35.256,1020.0,53.331,1020.0,1.791,1020.0
2023-09-07 08:00:00,3094,4.134,154.721,1.49,1020.0,21.529,1020.0,6.109,1020.0,,,8.046,1020.0,35.258,1020.0,53.334,1020.0,1.527,1020.0
2023-09-07 08:30:00,3095,4.792,239.401,1.969,1020.0,21.606,1020.0,6.265,1020.0,,,8.042,1020.0,35.258,1020.0,53.335,1020.0,1.923,1020.0
2023-09-07 09:00:00,3096,3.769,100.306,1.391,1020.0,21.7,1020.0,6.068,1020.0,,,8.047,1020.0,35.249,1020.0,53.324,1020.0,1.871,1020.0
2023-09-07 09:30:00,3097,5.756,22.32,1.749,1020.0,21.765,1020.0,6.099,1020.0,,,8.048,1020.0,35.246,1020.0,53.321,1020.0,1.892,1020.0
2023-09-07 09:30:00,3098,5.756,22.32,1.749,1020.0,21.765,1020.0,6.099,1020.0,,,8.048,1020.0,35.246,1020.0,53.321,1020.0,1.892,1020.0
2023-09-07 10:00:00,3099,5.299,62.452,1.652,1020.0,21.993,1020.0,6.807,1020.0,95.524,1020.0,8.053,1020.0,35.243,1020.0,53.321,1020.0,2.122,1020.0
2023-09-07 10:30:00,3100,6.002,100.367,1.615,1020.0,22.118,1020.0,6.922,1020.0,97.355,1020.0,8.055,1020.0,35.253,1020.0,53.337,1020.0,2.098,1020.0
2023-09-07 11:00:00,3101,3.623,316.729,1.817,1020.0,22.356,1020.0,6.314,1020.0,,,8.046,1020.0,35.23,1020.0,53.309,1020.0,1.746,1020.0
2023-09-07 11:30:00,3102,3.799,45.089,1.612,1020.0,22.371,1020.0,6.89,1020.0,97.347,1020.0,8.037,1020.0,35.248,1020.0,53.334,1020.0,2.18,1020.0
2023-09-07 12:00:00,3103,1.444,98.453,1.497,1020.0,22.496,1020.0,7.02,1020.0,99.397,1020.0,8.046,1020.0,35.242,1020.0,53.328,1020.0,2.07,1020.0
2023-09-07 12:30:00,3104,7.56,100.241,1.466,1020.0,22.583,1020.0,7.185,1020.0,101.87,1020.0,8.052,1020.0,35.222,1020.0,53.303,1020.0,1.929,1020.0
2023-09-07 13:00:00,3105,9.462,59.961,1.668,1020.0,22.908,1020.0,7.276,1020.0,103.76,1020.0,8.044,1020.0,35.237,1020.0,53.33,1020.0,2.219,1020.0
2023-09-07 13:30:00,3106,3.765,164.071,1.851,1020.0,22.787,1020.0,7.461,1020.0,106.18,1020.0,8.059,1020.0,35.247,1020.0,53.34,1020.0,2.495,1020.0
2023-09-07 14:00:00,3107,4.698,81.959,2.099,1020.0,23.033,1020.0,7.559,1020.0,108.056,1020.0,8.062,1020.0,35.267,1020.0,53.372,1020.0,2.269,1020.0
2023-09-07 14:30:00,3108,6.794,83.073,2.446,1020.0,22.734,1020.0,7.371,1020.0,104.841,1020.0,8.063,1020.0,35.306,1020.0,53.419,1020.0,3.15,1020.0
2023-09-07 15:00:00,3109,2.616,70.157,2.865,1020.0,22.655,1020.0,7.593,1020.0,107.851,1020.0,8.076,1020.0,35.323,1020.0,53.441,1020.0,2.921,1020.0
2023-09-07 15:30:00,3110,11.27,28.633,2.806,1020.0,22.747,1020.0,7.577,1020.0,107.824,1020.0,8.079,1020.0,35.356,1020.0,53.487,1020.0,3.281,1020.0
2023-09-07 16:00:00,3111,5.712,119.009,3.472,1020.0,22.981,1020.0,7.633,1020.0,109.025,1020.0,8.073,1020.0,35.277,1020.0,53.384,1020.0,2.596,1020.0
2023-09-07 16:30:00,3112,7.583,124.079,3.537,1020.0,22.907,1020.0,7.614,1020.0,108.646,1020.0,8.075,1020.0,35.341,1020.0,53.47,1020.0,3.395,1020.0
2023-09-07 17:00:00,3113,9.088,333.084,4.262,1020.0,22.715,1020.0,7.756,1020.0,110.306,1020.0,8.078,1020.0,35.331,1020.0,53.452,1020.0,2.393,1020.0
2023-09-07 17:30:00,3114,2.232,350.409,8.327,1020.0,22.698,1020.0,7.683,1020.0,109.227,1020.0,8.078,1020.0,35.338,1020.0,53.461,1020.0,2.483,1020.0
2023-09-07 18:00:00,3115,5.877,62.633,3.95,1020.0,22.753,1020.0,7.455,1020.0,106.116,1020.0,8.077,1020.0,35.373,1020.0,53.509,1020.0,2.482,1020.0
2023-09-07 18:30:00,3116,5.356,55.345,4.521,1020.0,22.708,1020.0,7.304,1020.0,103.876,1020.0,8.069,1020.0,35.367,1020.0,53.501,1020.0,2.173,1020.0
2023-09-07 19:00:00,3117,9.217,324.135,4.329,1020.0,22.678,1020.0,7.018,1020.0,99.754,1020.0,8.07,1020.0,35.365,1020.0,53.497,1020.0,3.904,1020.0
2023-09-07 19:30:00,3118,5.46,225.769,4.01,1020.0,22.655,1020.0,6.483,1020.0,92.11,1020.0,8.066,1020.0,35.366,1020.0,53.498,1020.0,2.256,1020.0
2023-09-07 20:00:00,3119,7.506,215.489,3.556,1020.0,22.591,1020.0,7.031,1020.0,99.791,1020.0,8.068,1020.0,35.359,1020.0,53.488,1020.0,4.501,1020.0
2023-09-07 20:30:00,3120,1.917,263.048,4.122,1020.0,22.472,1020.0,7.082,1020.0,100.274,1020.0,8.068,1020.0,35.315,1020.0,53.426,1020.0,1.946,1020.0
2023-09-07 21:00:00,3121,1.877,245.986,4.551,1020.0,22.467,1020.0,7.02,1020.0,99.38,1020.0,8.076,1020.0,35.302,1020.0,53.409,1020.0,2.322,1020.0
2023-09-07 21:30:00,3122,10.189,250.453,4.03,1020.0,22.443,1020.0,6.963,1020.0,98.528,1020.0,8.073,1020.0,35.301,1020.0,53.407,1020.0,2.049,1020.0
2023-09-07 22:00:00,3123,4.218,299.248,4.371,1020.0,22.406,1020.0,7.08,1020.0,100.124,1020.0,8.079,1020.0,35.298,1020.0,53.402,1020.0,2.075,1020.0
2023-09-07 22:30:00,3124,2.746,127.725,4.003,1020.0,22.365,1020.0,7.101,1020.0,100.348,1020.0,8.082,1020.0,35.296,1020.0,53.399,1020.0,2.067,1020.0
2023-09-07 23:00:00,3125,5.522,73.463,3.991,1020.0,22.323,1020.0,7.08,1020.0,99.973,1020.0,8.072,1020.0,35.294,1020.0,53.394,1020.0,1.818,1020.0
2023-09-07 23:30:00,3126,2.86,15.073,4.264,1020.0,22.279,1020.0,7.097,1020.0,100.138,1020.0,8.066,1020.0,35.293,1020.0,53.392,1020.0,1.991,1020.0
2023-09-08 00:00:00,3127,6.917,103.822,3.966,1020.0,22.255,1020.0,6.93,1020.0,97.743,1020.0,8.065,1020.0,35.298,1020.0,53.398,1020.0,2.069,1020.0
2023-09-08 00:30:00,3128,3.639,142.321,3.822,1020.0,22.218,1020.0,6.918,1020.0,97.512,1020.0,8.06,1020.0,35.301,1020.0,53.403,1020.0,1.852,1020.0
2023-09-08 01:00:00,3129,5.075,332.86,4.035,1020.0,22.192,1020.0,6.925,1020.0,97.558,1020.0,8.062,1020.0,35.307,1020.0,53.41,1020.0,2.03,1020.0
2023-09-08 01:30:00,3130,6.184,273.665,3.207,1020.0,22.2,1020.0,6.572,1020.0,92.618,1020.0,8.059,1020.0,35.326,1020.0,53.436,1020.0,2.022,1020.0
2023-09-08 02:00:00,3131,6.129,203.02,3.158,1020.0,22.22,1020.0,6.58,1020.0,92.754,1020.0,8.054,1020.0,35.328,1020.0,53.439,1020.0,2.158,1020.0
2023-09-08 02:30:00,3132,3.131,125.736,3.16,1020.0,22.191,1020.0,6.204,1020.0,,,8.052,1020.0,35.323,1020.0,53.432,1020.0,2.259,1020.0
2023-09-08 03:00:00,3133,0.637,344.677,3.713,1020.0,22.146,1020.0,6.752,1020.0,95.059,1020.0,8.055,1020.0,35.323,1020.0,53.431,1020.0,2.104,1020.0
2023-09-08 03:30:00,3134,5.904,225.591,3.526,1020.0,22.12,1020.0,6.529,1020.0,,,8.052,1020.0,35.324,1020.0,53.431,1020.0,2.293,1020.0
2023-09-08 04:00:00,3135,3.796,286.055,3.096,1020.0,22.073,1020.0,6.649,1020.0,93.475,1020.0,8.053,1020.0,35.316,1020.0,53.421,1020.0,1.977,1020.0
2023-09-08 04:30:00,3136,2.993,62.214,3.421,1020.0,22.046,1020.0,6.354,1020.0,,,8.053,1020.0,35.323,1020.0,53.43,1020.0,2.61,1020.0
2023-09-08 05:00:00,3137,1.396,358.283,2.625,1020.0,22.005,1020.0,6.535,1020.0,,,8.044,1020.0,35.317,1020.0,53.42,1020.0,2.028,1020.0
2023-09-08 05:30:00,3138,3.351,76.088,5.004,1020.0,21.931,1020.0,6.276,1020.0,,,8.051,1020.0,35.286,1020.0,53.377,1020.0,1.719,1020.0
2023-09-08 06:00:00,3139,6.978,274.76,3.397,1020.0,21.907,1020.0,6.453,1020.0,,,8.047,1020.0,35.284,1020.0,53.374,1020.0,2.581,1020.0
2023-09-08 06:30:00,3140,2.378,334.989,2.569,1020.0,21.874,1020.0,6.44,1020.0,,,8.053,1020.0,35.277,1020.0,53.365,1020.0,1.759,1020.0
2023-09-08 07:00:00,3141,2.293,247.286,2.194,1020.0,21.834,1020.0,6.368,1020.0,,,8.042,1020.0,35.27,1020.0,53.355,1020.0,1.653,1020.0
2023-09-08 07:30:00,3142,4.196,279.605,3.261,1020.0,21.829,1020.0,6.295,1020.0,,,8.035,1020.0,35.274,1020.0,53.36,1020.0,1.648,1020.0
2023-09-08 08:00:00,3143,1.244,237.597,1.594,1020.0,21.838,1020.0,6.097,1020.0,,,8.034,1020.0,35.275,1020.0,53.362,1020.0,1.726,1020.0
2023-09-08 08:30:00,3144,6.12,176.558,2.488,1020.0,21.873,1020.0,,,,,8.033,1020.0,35.281,1020.0,53.37,1020.0,1.591,1020.0
2023-09-08 09:00:00,3145,4.861,126.755,1.664,1020.0,21.951,1020.0,6.577,1020.0,92.253,1020.0,8.037,1020.0,35.29,1020.0,53.383,1020.0,2.041,1020.0
2023-09-08 09:30:00,3146,5.958,349.335,2.012,1020.0,22.0,1020.0,6.326,1020.0,,,8.038,1020.0,35.276,1020.0,53.366,1020.0,1.682,1020.0
2023-09-08 09:30:00,3147,5.958,349.335,2.012,1020.0,22.0,1020.0,6.326,1020.0,,,8.038,1020.0,35.276,1020.0,53.366,1020.0,1.682,1020.0
2023-09-08 10:00:00,3148,1.543,183.441,1.94,1020.0,22.021,1020.0,6.379,1020.0,,,8.052,1020.0,35.272,1020.0,53.361,1020.0,2.275,1020.0
2023-09-08 10:30:00,3149,5.836,140.966,1.727,1020.0,22.166,1020.0,6.694,1020.0,94.247,1020.0,8.038,1020.0,35.283,1020.0,53.378,1020.0,2.181,1020.0
2023-09-08 11:00:00,3150,1.082,190.617,1.883,1020.0,22.355,1020.0,6.889,1020.0,97.349,1020.0,8.048,1020.0,35.33,1020.0,53.444,1020.0,2.117,1020.0
2023-09-08 11:30:00,3151,2.046,58.129,1.92,1020.0,22.396,1020.0,7.102,1020.0,100.412,1020.0,8.06,1020.0,35.31,1020.0,53.417,1020.0,3.428,1020.0
2023-09-08 12:00:00,3152,6.133,175.544,1.331,1020.0,22.688,1020.0,7.055,1020.0,100.28,1020.0,8.045,1020.0,35.323,1020.0,53.441,1020.0,2.301,1020.0
2023-09-08 12:30:00,3153,6.708,42.516,1.537,1020.0,22.888,1020.0,7.101,1020.0,101.28,1020.0,8.039,1020.0,35.325,1020.0,53.447,1020.0,2.158,1020.0
2023-09-08 13:00:00,3154,10.061,2.672,1.485,1020.0,22.992,1020.0,7.279,1020.0,104.012,1020.0,8.047,1020.0,35.327,1020.0,53.453,1020.0,2.394,1020.0
2023-09-08 13:30:00,3155,6.033,39.569,1.699,1020.0,23.097,1020.0,7.297,1020.0,104.457,1020.0,8.051,1020.0,35.327,1020.0,53.455,1020.0,2.441,1020.0
2023-09-08 14:00:00,3156,2.231,296.252,2.031,1020.0,23.235,1020.0,7.324,1020.0,105.105,1020.0,8.047,1020.0,35.33,1020.0,53.461,1020.0,2.795,1020.0
2023-09-08 14:30:00,3157,2.341,298.483,2.446,1020.0,23.304,1020.0,7.353,1020.0,105.642,1020.0,8.05,1020.0,35.315,1020.0,53.443,1020.0,3.127,1020.0
2023-09-08 15:00:00,3158,1.464,40.319,2.647,1020.0,23.29,1020.0,7.416,1020.0,106.522,1020.0,8.057,1020.0,35.334,1020.0,53.468,1020.0,2.936,1020.0
2023-09-08 15:30:00,3159,3.434,80.755,3.142,1020.0,23.281,1020.0,7.431,1020.0,106.748,1020.0,8.057,1020.0,35.359,1020.0,53.503,1020.0,3.019,1020.0
2023-09-08 16:00:00,3160,2.119,309.919,3.409,1020.0,23.405,1020.0,7.485,1020.0,107.736,1020.0,8.065,1020.0,35.348,1020.0,53.49,1020.0,3.01,1020.0
2023-09-08 16:30:00,3161,3.933,211.889,2.786,1020.0,23.468,1020.0,7.594,1020.0,109.446,1020.0,8.078,1020.0,35.372,1020.0,53.524,1020.0,2.643,1020.0
2023-09-08 17:00:00,3162,7.71,125.199,3.31,1020.0,23.383,1020.0,7.582,1020.0,109.108,1020.0,8.069,1020.0,35.362,1020.0,53.508,1020.0,2.474,1020.0
2023-09-08 17:30:00,3163,4.417,262.328,3.765,1020.0,23.324,1020.0,7.321,1020.0,105.239,1020.0,8.073,1020.0,35.36,1020.0,53.505,1020.0,2.686,1020.0
2023-09-08 18:00:00,3164,2.711,232.278,3.85,1020.0,23.262,1020.0,7.495,1020.0,107.625,1020.0,8.07,1020.0,35.363,1020.0,53.507,1020.0,2.242,1020.0
2023-09-08 18:30:00,3165,3.585,211.812,3.622,1020.0,23.203,1020.0,7.426,1020.0,106.528,1020.0,8.069,1020.0,35.361,1020.0,53.503,1020.0,2.254,1020.0
2023-09-08 19:00:00,3166,2.855,160.722,3.669,1020.0,23.173,1020.0,7.34,1020.0,105.241,1020.0,8.067,1020.0,35.357,1020.0,53.497,1020.0,2.949,1020.0
2023-09-08 19:30:00,3167,0.659,216.814,4.826,1020.0,23.113,1020.0,6.841,1020.0,97.972,1020.0,8.052,1020.0,35.339,1020.0,53.472,1020.0,2.155,1020.0
2023-09-08 20:00:00,3168,5.594,252.378,4.095,1020.0,23.103,1020.0,7.16,1020.0,102.524,1020.0,8.061,1020.0,35.338,1020.0,53.469,1020.0,2.071,1020.0
2023-09-08 20:30:00,3169,5.846,298.691,5.622,1020.0,23.077,1020.0,6.967,1020.0,99.711,1020.0,8.057,1020.0,35.329,1020.0,53.458,1020.0,2.091,1020.0
2023-09-08 21:00:00,3170,8.743,235.139,3.238,1020.0,23.06,1020.0,6.831,1020.0,97.737,1020.0,8.053,1020.0,35.32,1020.0,53.444,1020.0,1.744,1020.0
2023-09-08 21:30:00,3171,2.711,248.841,3.245,1020.0,23.019,1020.0,7.0,1020.0,100.064,1020.0,8.047,1020.0,35.315,1020.0,53.437,1020.0,1.611,1020.0
2023-09-08 22:00:00,3172,2.144,128.721,3.447,1020.0,22.954,1020.0,6.926,1020.0,98.9,1020.0,8.044,1020.0,35.317,1020.0,53.439,1020.0,1.437,1020.0
2023-09-08 22:30:00,3173,2.988,307.459,3.331,1020.0,22.881,1020.0,6.689,1020.0,95.395,1020.0,8.036,1020.0,35.322,1020.0,53.443,1020.0,1.563,1020.0
2023-09-08 23:00:00,3174,7.761,197.704,3.107,1020.0,22.807,1020.0,6.03,1020.0,,,8.029,1020.0,35.321,1020.0,53.44,1020.0,1.539,1020.0
2023-09-08 23:30:00,3175,3.055,327.879,2.471,1020.0,22.787,1020.0,6.486,1020.0,92.346,1020.0,8.026,1020.0,35.324,1020.0,53.444,1020.0,1.256,1020.0
2023-09-09 00:00:00,3176,2.782,190.34,2.036,1020.0,22.741,1020.0,6.106,1020.0,,,8.019,1020.0,35.325,1020.0,53.444,1020.0,1.377,1020.0
2023-09-09 00:30:00,3177,3.536,294.656,2.12,1020.0,22.704,1020.0,,,,,8.017,1020.0,35.323,1020.0,53.442,1020.0,1.494,1020.0
2023-09-09 01:00:00,3178,5.246,94.888,2.176,1020.0,22.664,1020.0,,,,,8.02,1020.0,35.324,1020.0,53.442,1020.0,1.159,1020.0
2023-09-09 01:30:00,3179,3.559,94.79,3.163,1020.0,22.665,1020.0,6.511,1020.0,92.506,1020.0,8.04,1020.0,35.323,1020.0,53.441,1020.0,1.483,1020.0
2023-09-09 02:00:00,3180,6.482,104.432,3.093,1020.0,22.649,1020.0,6.797,1020.0,96.543,1020.0,8.035,1020.0,35.324,1020.0,53.441,1020.0,2.043,1020.0
2023-09-09 02:30:00,3181,2.027,80.019,3.525,1020.0,22.613,1020.0,6.71,1020.0,95.251,1020.0,8.046,1020.0,35.32,1020.0,53.435,1020.0,2.02,1020.0
2023-09-09 03:00:00,3182,3.91,278.862,3.868,1020.0,22.554,1020.0,6.411,1020.0,,,8.036,1020.0,35.323,1020.0,53.438,1020.0,1.945,1020.0
2023-09-09 03:30:00,3183,7.316,149.536,3.4,1020.0,22.51,1020.0,6.731,1020.0,95.372,1020.0,8.031,1020.0,35.327,1020.0,53.443,1020.0,1.867,1020.0
2023-09-09 04:00:00,3184,1.482,247.248,2.366,1020.0,22.45,1020.0,6.622,1020.0,93.721,1020.0,8.023,1020.0,35.32,1020.0,53.433,1020.0,1.591,1020.0
2023-09-09 04:30:00,3185,1.519,175.142,2.86,1020.0,22.399,1020.0,6.427,1020.0,,,8.02,1020.0,35.323,1020.0,53.436,1020.0,1.728,1020.0
2023-09-09 05:00:00,3186,2.53,235.896,3.112,1020.0,22.325,1020.0,6.442,1020.0,,,8.021,1020.0,35.322,1020.0,53.432,1020.0,1.637,1020.0
2023-09-09 05:30:00,3187,2.49,241.752,2.714,1020.0,22.283,1020.0,6.541,1020.0,92.319,1020.0,8.02,1020.0,35.326,1020.0,53.437,1020.0,1.871,1020.0
2023-09-09 06:00:00,3188,4.101,63.015,2.701,1020.0,22.227,1020.0,6.552,1020.0,92.375,1020.0,8.015,1020.0,35.331,1020.0,53.444,1020.0,1.972,1020.0
2023-09-09 06:30:00,3189,6.691,106.396,2.173,1020.0,22.144,1020.0,6.444,1020.0,,,8.016,1020.0,35.337,1020.0,53.45,1020.0,2.211,1020.0
2023-09-09 07:00:00,3190,1.132,36.431,1.781,1020.0,22.059,1020.0,6.491,1020.0,,,8.021,1020.0,35.342,1020.0,53.455,1020.0,1.999,1020.0
2023-09-09 07:30:00,3191,2.799,173.256,2.03,1020.0,22.012,1020.0,6.514,1020.0,,,8.022,1020.0,35.346,1020.0,53.459,1020.0,2.0,1020.0
2023-09-09 08:00:00,3192,6.323,163.395,2.041,1020.0,21.969,1020.0,6.602,1020.0,92.672,1020.0,8.027,1020.0,35.352,1020.0,53.467,1020.0,2.099,1020.0
2023-09-09 08:30:00,3193,1.324,242.424,1.913,1020.0,21.932,1020.0,6.634,1020.0,93.062,1020.0,8.026,1020.0,35.36,1020.0,53.478,1020.0,2.184,1020.0
2023-09-09 09:00:00,3194,4.943,38.996,1.824,1020.0,21.938,1020.0,6.696,1020.0,93.943,1020.0,8.031,1020.0,35.363,1020.0,53.481,1020.0,2.047,1020.0
2023-09-09 09:30:00,3195,1.488,115.161,1.514,1020.0,21.942,1020.0,6.741,1020.0,94.573,1020.0,8.033,1020.0,35.363,1020.0,53.481,1020.0,2.009,1020.0
2023-09-09 09:30:00,3196,1.488,115.161,1.514,1020.0,21.942,1020.0,6.741,1020.0,94.573,1020.0,8.033,1020.0,35.363,1020.0,53.481,1020.0,2.009,1020.0
2023-09-09 10:00:00,3197,6.459,358.228,1.568,1020.0,21.954,1020.0,6.854,1020.0,96.203,1020.0,8.038,1020.0,35.378,1020.0,53.501,1020.0,2.126,1020.0
2023-09-09 10:30:00,3198,2.119,340.578,1.976,1020.0,21.959,1020.0,6.893,1020.0,96.746,1020.0,8.038,1020.0,35.369,1020.0,53.49,1020.0,2.118,1020.0
2023-09-09 11:00:00,3199,8.71,142.216,1.991,1020.0,21.993,1020.0,6.893,1020.0,96.795,1020.0,8.037,1020.0,35.364,1020.0,53.484,1020.0,1.902,1020.0
2023-09-09 11:30:00,3200,2.892,128.671,1.936,1020.0,22.166,1020.0,7.214,1020.0,101.644,1020.0,8.052,1020.0,35.396,1020.0,53.53,1020.0,2.131,1020.0
2023-09-09 12:00:00,3201,2.983,13.585,1.733,1020.0,22.305,1020.0,7.423,1020.0,104.853,1020.0,8.065,1020.0,35.425,1020.0,53.571,1020.0,2.673,1020.0
2023-09-09 12:30:00,3202,4.198,12.786,1.797,1020.0,22.411,1020.0,7.452,1020.0,105.461,1020.0,8.059,1020.0,35.429,1020.0,53.578,1020.0,2.635,1020.0
2023-09-09 13:00:00,3203,5.869,261.138,2.182,1020.0,22.463,1020.0,7.342,1020.0,103.999,1020.0,8.052,1020.0,35.413,1020.0,53.557,1020.0,2.699,1020.0
2023-09-09 13:30:00,3204,1.912,87.643,2.97,1020.0,22.596,1020.0,7.32,1020.0,103.934,1020.0,8.048,1020.0,35.421,1020.0,53.57,1020.0,4.359,1020.0
2023-09-09 14:00:00,3205,8.773,107.23,3.191,1020.0,22.869,1020.0,7.386,1020.0,105.375,1020.0,8.046,1020.0,35.423,1020.0,53.579,1020.0,5.032,1020.0
2023-09-09 14:30:00,3206,7.147,41.87,2.711,1020.0,22.937,1020.0,7.37,1020.0,105.264,1020.0,8.042,1020.0,35.425,1020.0,53.583,1020.0,3.932,1020.0
2023-09-09 15:00:00,3207,4.709,85.384,2.873,1020.0,22.898,1020.0,7.373,1020.0,105.246,1020.0,8.047,1020.0,35.427,1020.0,53.585,1020.0,4.259,1020.0
2023-09-09 15:30:00,3208,9.345,70.138,3.199,1020.0,22.855,1020.0,7.366,1020.0,105.07,1020.0,8.048,1020.0,35.426,1020.0,53.583,1020.0,4.174,1020.0
2023-09-09 16:00:00,3209,10.564,114.114,3.218,1020.0,22.826,1020.0,7.371,1020.0,105.073,1020.0,8.05,1020.0,35.426,1020.0,53.582,1020.0,4.601,1020.0
2023-09-09 16:30:00,3210,11.048,109.664,3.322,1020.0,22.823,1020.0,7.331,1020.0,104.523,1020.0,8.043,1020.0,35.431,1020.0,53.589,1020.0,2.893,1020.0
2023-09-09 17:00:00,3211,7.851,121.41,3.43,1020.0,22.841,1020.0,7.536,1020.0,107.487,1020.0,8.064,1020.0,35.469,1020.0,53.64,1020.0,3.651,1020.0
2023-09-09 17:30:00,3212,6.009,77.37,2.789,1020.0,22.874,1020.0,7.467,1020.0,106.569,1020.0,8.071,1020.0,35.461,1020.0,53.63,1020.0,3.664,1020.0
2023-09-09 18:00:00,3213,9.085,75.833,3.746,1020.0,22.825,1020.0,7.433,1020.0,105.988,1020.0,8.063,1020.0,35.454,1020.0,53.62,1020.0,3.116,1020.0
2023-09-09 18:30:00,3214,2.109,49.976,3.462,1020.0,22.74,1020.0,7.379,1020.0,105.064,1020.0,8.066,1020.0,35.461,1020.0,53.627,1020.0,3.001,1020.0
2023-09-09 19:00:00,3215,5.356,236.111,3.797,1020.0,22.706,1020.0,7.282,1020.0,103.616,1020.0,8.058,1020.0,35.45,1020.0,53.612,1020.0,3.388,1020.0
2023-09-09 19:30:00,3216,5.49,166.62,3.716,1020.0,22.606,1020.0,7.229,1020.0,102.683,1020.0,8.053,1020.0,35.446,1020.0,53.605,1020.0,3.112,1020.0
2023-09-09 20:00:00,3217,5.797,265.16,3.837,1020.0,22.515,1020.0,7.206,1020.0,102.191,1020.0,8.05,1020.0,35.443,1020.0,53.599,1020.0,3.088,1020.0
2023-09-09 20:30:00,3218,5.212,273.16,4.197,1020.0,22.486,1020.0,7.159,1020.0,101.468,1020.0,8.052,1020.0,35.442,1020.0,53.597,1020.0,2.884,1020.0
2023-09-09 21:00:00,3219,6.526,289.185,4.624,1020.0,22.465,1020.0,6.92,1020.0,98.035,1020.0,8.053,1020.0,35.442,1020.0,53.597,1020.0,2.893,1020.0
2023-09-09 21:30:00,3220,2.494,304.204,4.431,1020.0,22.447,1020.0,6.782,1020.0,96.05,1020.0,8.053,1020.0,35.442,1020.0,53.596,1020.0,2.692,1020.0
2023-09-09 22:00:00,3221,1.135,230.196,4.682,1020.0,22.476,1020.0,6.945,1020.0,98.411,1020.0,8.054,1020.0,35.447,1020.0,53.604,1020.0,2.456,1020.0
2023-09-09 22:30:00,3222,2.506,242.549,4.267,1020.0,22.45,1020.0,6.313,1020.0,,,8.049,1020.0,35.442,1020.0,53.596,1020.0,2.406,1020.0
2023-09-09 23:00:00,3223,8.433,264.819,4.433,1020.0,22.401,1020.0,6.07,1020.0,,,8.042,1020.0,35.439,1020.0,53.591,1020.0,2.835,1020.0
2023-09-09 23:30:00,3224,1.247,319.119,3.571,1020.0,22.374,1020.0,6.27,1020.0,,,8.043,1020.0,35.443,1020.0,53.596,1020.0,2.582,1020.0
2023-09-10 00:00:00,3225,2.71,229.837,4.474,1020.0,22.344,1020.0,6.605,1020.0,93.37,1020.0,8.049,1020.0,35.443,1020.0,53.596,1020.0,3.073,1020.0
2023-09-10 00:30:00,3226,6.153,200.979,3.697,1020.0,22.298,1020.0,6.716,1020.0,94.878,1020.0,8.041,1020.0,35.441,1020.0,53.592,1020.0,2.331,1020.0
2023-09-10 01:00:00,3227,3.381,345.855,3.668,1020.0,22.221,1020.0,6.415,1020.0,,,8.044,1020.0,35.444,1020.0,53.595,1020.0,2.168,1020.0
2023-09-10 01:30:00,3228,6.498,35.12,3.232,1020.0,22.153,1020.0,6.67,1020.0,93.992,1020.0,8.06,1020.0,35.445,1020.0,53.595,1020.0,2.219,1020.0
2023-09-10 02:00:00,3229,5.667,166.194,3.047,1020.0,22.096,1020.0,6.46,1020.0,,,8.043,1020.0,35.444,1020.0,53.593,1020.0,2.148,1020.0
2023-09-10 02:30:00,3230,4.929,33.631,4.349,1020.0,22.027,1020.0,6.673,1020.0,93.813,1020.0,8.049,1020.0,35.449,1020.0,53.599,1020.0,2.272,1020.0
2023-09-10 03:00:00,3231,5.086,90.748,4.077,1020.0,21.949,1020.0,6.495,1020.0,,,8.046,1020.0,35.452,1020.0,53.601,1020.0,1.997,1020.0
2023-09-10 03:30:00,3232,2.94,43.085,2.815,1020.0,21.92,1020.0,6.209,1020.0,,,8.041,1020.0,35.45,1020.0,53.598,1020.0,3.147,1020.0
2023-09-10 04:00:00,3233,2.456,153.539,3.008,1020.0,21.855,1020.0,6.441,1020.0,,,8.041,1020.0,35.456,1020.0,53.605,1020.0,2.52,1020.0
2023-09-10 04:30:00,3234,2.596,76.318,3.022,1020.0,21.789,1020.0,6.443,1020.0,,,8.037,1020.0,35.454,1020.0,53.601,1020.0,2.893,1020.0
2023-09-10 05:00:00,3235,2.117,16.534,3.618,1020.0,21.727,1020.0,6.498,1020.0,,,8.039,1020.0,35.449,1020.0,53.594,1020.0,2.587,1020.0
2023-09-10 05:30:00,3236,2.135,257.251,3.757,1020.0,21.704,1020.0,6.09,1020.0,,,8.034,1020.0,35.452,1020.0,53.597,1020.0,2.415,1020.0
2023-09-10 06:00:00,3237,2.331,224.905,2.593,1020.0,21.645,1020.0,,,,,8.032,1020.0,35.454,1020.0,53.599,1020.0,2.576,1020.0
2023-09-10 06:30:00,3238,2.122,60.302,1.874,1020.0,21.62,1020.0,,,,,8.029,1020.0,35.452,1020.0,53.596,1020.0,2.385,1020.0
2023-09-10 07:00:00,3239,4.943,185.436,1.474,1020.0,21.578,1020.0,,,,,8.032,1020.0,35.452,1020.0,53.596,1020.0,2.153,1020.0
2023-09-10 07:30:00,3240,4.973,82.41,1.613,1020.0,21.55,1020.0,6.48,1020.0,,,8.034,1020.0,35.451,1020.0,53.594,1020.0,2.683,1020.0
2023-09-10 08:00:00,3241,3.712,340.402,1.893,1020.0,21.53,1020.0,6.643,1020.0,92.574,1020.0,8.037,1020.0,35.456,1020.0,53.6,1020.0,1.909,1020.0
2023-09-10 08:30:00,3242,6.077,212.574,1.743,1020.0,21.545,1020.0,6.69,1020.0,93.256,1020.0,8.035,1020.0,35.457,1020.0,53.602,1020.0,2.32,1020.0
2023-09-10 09:00:00,3243,2.166,281.299,1.653,1020.0,21.55,1020.0,6.734,1020.0,93.88,1020.0,8.037,1020.0,35.467,1020.0,53.615,1020.0,2.696,1020.0
2023-09-10 09:30:00,3244,0.529,295.089,1.624,1020.0,21.583,1020.0,6.82,1020.0,95.141,1020.0,8.038,1020.0,35.468,1020.0,53.617,1020.0,2.608,1020.0
2023-09-10 09:30:00,3245,0.529,295.089,1.624,1020.0,21.583,1020.0,6.82,1020.0,95.141,1020.0,8.038,1020.0,35.468,1020.0,53.617,1020.0,2.608,1020.0
2023-09-10 10:00:00,3246,7.767,335.5,1.629,1020.0,21.605,1020.0,6.925,1020.0,96.644,1020.0,8.043,1020.0,35.469,1020.0,53.619,1020.0,2.749,1020.0
2023-09-10 10:30:00,3247,2.493,76.034,1.763,1020.0,21.698,1020.0,6.977,1020.0,97.527,1020.0,8.045,1020.0,35.47,1020.0,53.621,1020.0,2.624,1020.0
2023-09-10 11:00:00,3248,5.23,247.203,2.073,1020.0,21.765,1020.0,7.065,1020.0,98.877,1020.0,8.05,1020.0,35.471,1020.0,53.623,1020.0,2.392,1020.0
2023-09-10 11:30:00,3249,2.946,273.312,2.68,1020.0,21.804,1020.0,7.128,1020.0,99.834,1020.0,8.052,1020.0,35.47,1020.0,53.623,1020.0,2.493,1020.0
2023-09-10 12:00:00,3250,2.453,109.916,2.517,1020.0,21.805,1020.0,7.202,1020.0,100.865,1020.0,8.051,1020.0,35.474,1020.0,53.628,1020.0,2.372,1020.0
2023-09-10 12:30:00,3251,4.838,41.386,2.387,1020.0,21.872,1020.0,7.276,1020.0,102.031,1020.0,8.054,1020.0,35.477,1020.0,53.633,1020.0,2.749,1020.0
2023-09-10 13:00:00,3252,7.656,36.835,3.245,1020.0,21.954,1020.0,7.394,1020.0,103.843,1020.0,8.063,1020.0,35.478,1020.0,53.636,1020.0,2.944,1020.0
2023-09-10 13:30:00,3253,9.883,52.952,2.81,1020.0,22.081,1020.0,7.546,1020.0,106.221,1020.0,8.067,1020.0,35.488,1020.0,53.651,1020.0,3.401,1020.0
2023-09-10 14:00:00,3254,0.831,88.977,3.62,1020.0,22.18,1020.0,7.622,1020.0,107.478,1020.0,8.071,1020.0,35.49,1020.0,53.656,1020.0,3.51,1020.0
2023-09-10 14:30:00,3255,6.631,88.255,3.524,1020.0,22.396,1020.0,7.723,1020.0,109.34,1020.0,8.072,1020.0,35.522,1020.0,53.702,1020.0,4.668,1020.0
2023-09-10 14:41:00,3256,6.508,40.668,3.524,1020.0,22.396,1020.0,7.723,1020.0,109.34,1020.0,8.072,1020.0,35.522,1020.0,53.702,1020.0,4.668,1020.0
2023-09-10 15:00:00,3257,8.601,112.511,3.786,1020.0,22.359,1020.0,7.613,1020.0,107.711,1020.0,8.066,1020.0,35.516,1020.0,53.694,1020.0,5.464,1020.0
2023-09-10 15:30:00,3258,7.053,88.693,3.646,1020.0,22.27,1020.0,7.664,1020.0,108.263,1020.0,8.07,1020.0,35.531,1020.0,53.712,1020.0,4.402,1020.0
2023-09-10 16:00:00,3259,6.885,70.589,4.327,1020.0,22.252,1020.0,7.72,1020.0,109.012,1020.0,8.076,1020.0,35.526,1020.0,53.705,1020.0,4.01,1020.0
2023-09-10 16:30:00,3260,9.684,26.832,4.472,1020.0,22.177,1020.0,7.736,1020.0,109.104,1020.0,8.079,1020.0,35.54,1020.0,53.723,1020.0,3.667,1020.0
2023-09-10 17:00:00,3261,12.051,4.666,3.462,1020.0,22.143,1020.0,7.719,1020.0,108.797,1020.0,8.078,1020.0,35.537,1020.0,53.719,1020.0,3.503,1020.0
2023-09-10 17:30:00,3262,2.432,309.875,6.597,1020.0,22.055,1020.0,7.668,1020.0,107.912,1020.0,8.078,1020.0,35.537,1020.0,53.718,1020.0,3.244,1020.0
2023-09-10 18:00:00,3263,2.319,313.458,3.246,1020.0,22.002,1020.0,7.588,1020.0,106.689,1020.0,8.074,1020.0,35.534,1020.0,53.712,1020.0,3.321,1020.0
2023-09-10 18:30:00,3264,4.226,318.532,4.228,1020.0,21.945,1020.0,7.56,1020.0,106.19,1020.0,8.074,1020.0,35.543,1020.0,53.723,1020.0,3.51,1020.0
2023-09-10 19:00:00,3265,8.951,35.895,4.003,1020.0,21.903,1020.0,7.535,1020.0,105.761,1020.0,8.073,1020.0,35.541,1020.0,53.719,1020.0,3.262,1020.0
2023-09-10 19:30:00,3266,3.508,165.727,3.963,1020.0,21.849,1020.0,7.496,1020.0,105.113,1020.0,8.07,1020.0,35.535,1020.0,53.711,1020.0,3.197,1020.0
2023-09-10 20:00:00,3267,2.027,175.53,3.958,1020.0,21.806,1020.0,7.449,1020.0,104.38,1020.0,8.068,1020.0,35.541,1020.0,53.719,1020.0,3.151,1020.0
2023-09-10 20:30:00,3268,3.847,104.995,4.06,1020.0,21.732,1020.0,7.397,1020.0,103.505,1020.0,8.068,1020.0,35.546,1020.0,53.725,1020.0,3.157,1020.0
2023-09-10 21:00:00,3269,5.86,196.01,3.922,1020.0,21.67,1020.0,7.361,1020.0,102.895,1020.0,8.071,1020.0,35.549,1020.0,53.728,1020.0,3.111,1020.0
2023-09-10 21:30:00,3270,3.87,109.487,3.692,1020.0,21.649,1020.0,7.325,1020.0,102.345,1020.0,8.069,1020.0,35.549,1020.0,53.727,1020.0,3.088,1020.0
2023-09-10 22:00:00,3271,0.619,29.607,3.796,1020.0,21.599,1020.0,7.277,1020.0,101.585,1020.0,8.066,1020.0,35.554,1020.0,53.733,1020.0,3.163,1020.0
2023-09-10 22:30:00,3272,2.263,59.872,4.066,1020.0,21.586,1020.0,7.263,1020.0,101.377,1020.0,8.067,1020.0,35.555,1020.0,53.735,1020.0,3.176,1020.0
2023-09-10 23:00:00,3273,2.199,61.21,3.482,1020.0,21.564,1020.0,7.243,1020.0,101.068,1020.0,8.065,1020.0,35.559,1020.0,53.74,1020.0,3.358,1020.0
2023-09-10 23:30:00,3274,3.61,349.223,3.722,1020.0,21.485,1020.0,7.201,1020.0,100.328,1020.0,8.064,1020.0,35.56,1020.0,53.739,1020.0,3.388,1020.0
2023-09-11 00:00:00,3275,3.038,74.447,3.893,1020.0,21.476,1020.0,7.202,1020.0,100.329,1020.0,8.061,1020.0,35.556,1020.0,53.734,1020.0,3.165,1020.0
2023-09-11 00:30:00,3276,7.431,134.416,3.787,1020.0,21.447,1020.0,7.175,1020.0,99.901,1020.0,8.059,1020.0,35.559,1020.0,53.737,1020.0,3.569,1020.0
2023-09-11 01:00:00,3277,6.102,62.145,3.475,1020.0,21.422,1020.0,7.157,1020.0,99.603,1020.0,8.061,1020.0,35.564,1020.0,53.744,1020.0,3.138,1020.0
2023-09-11 01:30:00,3278,2.069,45.058,3.651,1020.0,21.362,1020.0,7.123,1020.0,99.025,1020.0,8.059,1020.0,35.561,1020.0,53.739,1020.0,3.175,1020.0
2023-09-11 02:00:00,3279,3.545,42.366,3.596,1020.0,21.273,1020.0,7.089,1020.0,98.399,1020.0,8.062,1020.0,35.565,1020.0,53.743,1020.0,3.249,1020.0
2023-09-11 02:30:00,3280,6.965,25.213,4.71,1020.0,21.237,1020.0,6.973,1020.0,96.721,1020.0,8.054,1020.0,35.563,1020.0,53.74,1020.0,2.709,1020.0
2023-09-11 03:00:00,3281,2.001,13.204,3.16,1020.0,21.158,1020.0,7.014,1020.0,97.16,1020.0,8.053,1020.0,35.564,1020.0,53.742,1020.0,2.916,1020.0
2023-09-11 03:30:00,3282,4.646,331.202,3.295,1020.0,21.061,1020.0,7.009,1020.0,96.929,1020.0,8.057,1020.0,35.572,1020.0,53.751,1020.0,2.929,1020.0
2023-09-11 04:00:00,3283,6.784,326.37,3.227,1020.0,20.97,1020.0,7.001,1020.0,96.659,1020.0,8.057,1020.0,35.572,1020.0,53.75,1020.0,2.626,1020.0
2023-09-11 04:30:00,3284,1.446,189.493,4.192,1020.0,20.941,1020.0,6.826,1020.0,94.192,1020.0,8.061,1020.0,35.57,1020.0,53.746,1020.0,3.321,1020.0
2023-09-11 05:00:00,3285,6.221,250.611,4.893,1020.0,20.823,1020.0,6.517,1020.0,,,8.053,1020.0,35.57,1020.0,53.745,1020.0,2.38,1020.0
2023-09-11 05:30:00,3286,1.868,147.339,3.696,1020.0,20.828,1020.0,6.813,1020.0,93.812,1020.0,8.047,1020.0,35.563,1020.0,53.737,1020.0,2.6,1020.0
2023-09-11 06:00:00,3287,6.973,158.542,3.714,1020.0,20.786,1020.0,6.53,1020.0,,,8.052,1020.0,35.568,1020.0,53.743,1020.0,2.561,1020.0
2023-09-11 06:30:00,3288,7.013,58.883,3.167,1020.0,20.67,1020.0,6.833,1020.0,93.823,1020.0,8.047,1020.0,35.567,1020.0,53.74,1020.0,2.615,1020.0
2023-09-11 07:00:00,3289,3.808,83.233,2.814,1020.0,20.6,1020.0,6.864,1020.0,94.137,1020.0,8.05,1020.0,35.569,1020.0,53.743,1020.0,2.44,1020.0
2023-09-11 07:30:00,3290,6.274,199.852,2.533,1020.0,20.56,1020.0,6.916,1020.0,94.785,1020.0,8.053,1020.0,35.576,1020.0,53.752,1020.0,2.366,1020.0
2023-09-11 08:00:00,3291,2.119,300.353,2.556,1020.0,20.556,1020.0,6.899,1020.0,94.547,1020.0,8.051,1020.0,35.576,1020.0,53.752,1020.0,2.396,1020.0
2023-09-11 08:30:00,3292,3.325,52.765,2.854,1020.0,20.538,1020.0,6.931,1020.0,94.944,1020.0,8.053,1020.0,35.58,1020.0,53.756,1020.0,2.489,1020.0
2023-09-11 09:00:00,3293,2.163,348.167,2.638,1020.0,20.528,1020.0,6.98,1020.0,95.614,1020.0,8.055,1020.0,35.582,1020.0,53.759,1020.0,2.562,1020.0
2023-09-11 09:30:00,3294,4.954,213.177,2.532,1020.0,20.574,1020.0,7.017,1020.0,96.185,1020.0,8.056,1020.0,35.569,1020.0,53.743,1020.0,2.472,1020.0
2023-09-11 09:30:00,3295,4.954,213.177,2.532,1020.0,20.574,1020.0,7.017,1020.0,96.185,1020.0,8.056,1020.0,35.569,1020.0,53.743,1020.0,2.472,1020.0
2023-09-11 10:00:00,3296,0.672,81.822,2.906,1020.0,20.621,1020.0,7.107,1020.0,97.507,1020.0,8.059,1020.0,35.587,1020.0,53.767,1020.0,2.629,1020.0
2023-09-11 10:30:00,3297,6.802,204.293,2.971,1020.0,20.602,1020.0,7.19,1020.0,98.616,1020.0,8.063,1020.0,35.588,1020.0,53.769,1020.0,2.584,1020.0
2023-09-11 11:00:00,3298,2.38,49.763,1.654,1020.0,20.681,1020.0,7.247,1020.0,99.538,1020.0,8.062,1020.0,35.59,1020.0,53.771,1020.0,2.536,1020.0
2023-09-11 11:30:00,3299,2.912,306.822,3.061,1020.0,20.665,1020.0,7.304,1020.0,100.288,1020.0,8.067,1020.0,35.592,1020.0,53.773,1020.0,2.512,1020.0
2023-09-11 12:00:00,3300,3.891,96.288,3.168,1020.0,20.657,1020.0,7.345,1020.0,100.851,1020.0,8.067,1020.0,35.593,1020.0,53.775,1020.0,2.561,1020.0
2023-09-11 12:30:00,3301,3.791,161.215,3.686,1020.0,20.644,1020.0,7.356,1020.0,100.966,1020.0,8.07,1020.0,35.593,1020.0,53.775,1020.0,3.161,1020.0
2023-09-11 13:00:00,3302,4.414,89.148,4.161,1020.0,20.651,1020.0,7.417,1020.0,101.819,1020.0,8.062,1020.0,35.597,1020.0,53.78,1020.0,3.113,1020.0
2023-09-11 13:30:00,3303,4.034,64.434,4.413,1020.0,20.669,1020.0,7.48,1020.0,102.719,1020.0,8.077,1020.0,35.595,1020.0,53.778,1020.0,3.231,1020.0
2023-09-11 14:00:00,3304,0.261,138.304,4.042,1020.0,20.711,1020.0,7.571,1020.0,104.063,1020.0,8.079,1020.0,35.598,1020.0,53.782,1020.0,3.253,1020.0
2023-09-11 14:30:00,3305,8.614,169.9,4.37,1020.0,20.719,1020.0,7.7,1020.0,105.835,1020.0,8.087,1020.0,35.608,1020.0,53.796,1020.0,4.031,1020.0
2023-09-11 15:00:00,3306,6.987,59.89,4.343,1020.0,20.659,1020.0,7.7,1020.0,105.733,1020.0,8.086,1020.0,35.613,1020.0,53.802,1020.0,4.006,1020.0
2023-09-11 15:30:00,3307,5.362,80.57,4.09,1020.0,20.61,1020.0,7.792,1020.0,106.92,1020.0,8.094,1020.0,35.641,1020.0,53.84,1020.0,3.749,1020.0
2023-09-11 16:00:00,3308,6.827,30.06,4.31,1020.0,20.566,1020.0,7.748,1020.0,106.227,1020.0,8.09,1020.0,35.632,1020.0,53.827,1020.0,3.847,1020.0
2023-09-11 16:30:00,3309,3.444,95.766,3.519,1020.0,20.43,1020.0,7.562,1020.0,103.434,1020.0,8.082,1020.0,35.634,1020.0,53.828,1020.0,2.885,1020.0
2023-09-11 17:00:00,3310,2.424,1.092,3.472,1020.0,20.383,1020.0,7.517,1020.0,102.717,1020.0,8.077,1020.0,35.633,1020.0,53.827,1020.0,2.919,1020.0
2023-09-11 17:30:00,3311,10.548,21.138,4.419,1020.0,20.414,1020.0,7.56,1020.0,103.369,1020.0,8.084,1020.0,35.628,1020.0,53.82,1020.0,3.062,1020.0
2023-09-11 18:00:00,3312,4.601,71.186,4.349,1020.0,20.368,1020.0,7.603,1020.0,103.87,1020.0,8.088,1020.0,35.633,1020.0,53.827,1020.0,3.293,1020.0
2023-09-11 18:30:00,3313,8.218,52.419,4.233,1020.0,20.322,1020.0,7.584,1020.0,103.518,1020.0,8.087,1020.0,35.64,1020.0,53.835,1020.0,3.424,1020.0
2023-09-11 19:00:00,3314,3.115,332.344,3.924,1020.0,20.265,1020.0,7.563,1020.0,103.124,1020.0,8.089,1020.0,35.646,1020.0,53.843,1020.0,3.77,1020.0
2023-09-11 19:30:00,3315,2.426,313.258,3.995,1020.0,20.214,1020.0,7.545,1020.0,102.791,1020.0,8.088,1020.0,35.647,1020.0,53.845,1020.0,3.318,1020.0
2023-09-11 20:00:00,3316,10.875,167.293,3.94,1020.0,20.194,1020.0,7.497,1020.0,102.109,1020.0,8.088,1020.0,35.65,1020.0,53.848,1020.0,3.384,1020.0
2023-09-11 20:30:00,3317,9.516,219.481,4.199,1020.0,20.144,1020.0,7.497,1020.0,102.008,1020.0,8.086,1020.0,35.648,1020.0,53.845,1020.0,3.227,1020.0
2023-09-11 21:00:00,3318,3.252,96.13,4.306,1020.0,20.12,1020.0,7.461,1020.0,101.481,1020.0,8.086,1020.0,35.646,1020.0,53.842,1020.0,3.158,1020.0
2023-09-11 21:30:00,3319,9.539,257.869,3.818,1020.0,20.081,1020.0,7.419,1020.0,100.838,1020.0,8.084,1020.0,35.649,1020.0,53.847,1020.0,3.215,1020.0
2023-09-11 22:00:00,3320,5.15,179.904,4.089,1020.0,20.066,1020.0,7.406,1020.0,100.628,1020.0,8.081,1020.0,35.65,1020.0,53.847,1020.0,3.131,1020.0
2023-09-11 22:30:00,3321,3.146,248.482,3.815,1020.0,20.027,1020.0,7.382,1020.0,100.233,1020.0,8.083,1020.0,35.65,1020.0,53.848,1020.0,2.9,1020.0
2023-09-11 23:00:00,3322,3.318,318.329,4.712,1020.0,20.004,1020.0,7.356,1020.0,99.83,1020.0,8.083,1020.0,35.65,1020.0,53.847,1020.0,3.014,1020.0
2023-09-11 23:30:00,3323,9.981,274.381,5.785,1020.0,20.011,1020.0,7.331,1020.0,99.514,1020.0,8.077,1020.0,35.644,1020.0,53.839,1020.0,3.274,1020.0
2023-09-12 00:00:00,3324,0.052,151.045,4.489,1020.0,19.989,1020.0,7.143,1020.0,96.92,1020.0,8.079,1020.0,35.643,1020.0,53.838,1020.0,2.76,1020.0
2023-09-12 00:30:00,3325,4.536,147.378,4.994,1020.0,19.919,1020.0,7.098,1020.0,96.185,1020.0,8.079,1020.0,35.643,1020.0,53.838,1020.0,2.437,1020.0
2023-09-12 01:00:00,3326,1.533,173.331,5.117,1020.0,19.873,1020.0,6.628,1020.0,,,8.082,1020.0,35.644,1020.0,53.839,1020.0,2.457,1020.0
2023-09-12 01:30:00,3327,2.027,167.987,4.353,1020.0,19.814,1020.0,6.867,1020.0,92.879,1020.0,8.087,1020.0,35.645,1020.0,53.84,1020.0,2.378,1020.0
2023-09-12 02:00:00,3328,0.801,131.024,3.652,1020.0,19.77,1020.0,6.899,1020.0,93.236,1020.0,8.086,1020.0,35.643,1020.0,53.837,1020.0,2.268,1020.0
2023-09-12 02:30:00,3329,6.177,1.683,4.135,1020.0,19.754,1020.0,7.047,1020.0,95.202,1020.0,8.08,1020.0,35.644,1020.0,53.839,1020.0,2.213,1020.0
2023-09-12 03:00:00,3330,5.28,170.386,3.864,1020.0,19.678,1020.0,6.988,1020.0,94.268,1020.0,8.077,1020.0,35.633,1020.0,53.824,1020.0,2.458,1020.0
2023-09-12 03:30:00,3331,0.804,42.304,3.895,1020.0,19.653,1020.0,6.88,1020.0,92.764,1020.0,8.078,1020.0,35.636,1020.0,53.828,1020.0,2.484,1020.0
2023-09-12 04:00:00,3332,3.582,38.009,3.46,1020.0,19.593,1020.0,6.976,1020.0,93.967,1020.0,8.078,1020.0,35.636,1020.0,53.828,1020.0,2.401,1020.0
2023-09-12 04:30:00,3333,2.094,68.872,3.807,1020.0,19.533,1020.0,6.772,1020.0,,,8.082,1020.0,35.625,1020.0,53.814,1020.0,2.519,1020.0
2023-09-12 05:00:00,3334,7.337,97.248,4.021,1020.0,19.519,1020.0,6.762,1020.0,,,8.079,1020.0,35.627,1020.0,53.816,1020.0,2.349,1020.0
2023-09-12 05:30:00,3335,0.693,205.687,3.551,1020.0,19.501,1020.0,6.741,1020.0,,,8.08,1020.0,35.631,1020.0,53.822,1020.0,2.728,1020.0
2023-09-12 06:00:00,3336,5.305,247.476,2.757,1020.0,19.475,1020.0,6.89,1020.0,92.594,1020.0,8.078,1020.0,35.631,1020.0,53.821,1020.0,2.323,1020.0
2023-09-12 06:30:00,3337,2.989,61.852,1.874,1020.0,19.44,1020.0,6.909,1020.0,92.796,1020.0,8.07,1020.0,35.633,1020.0,53.824,1020.0,2.229,1020.0
2023-09-12 07:00:00,3338,8.722,7.476,2.082,1020.0,19.419,1020.0,6.944,1020.0,93.237,1020.0,8.072,1020.0,35.631,1020.0,53.821,1020.0,2.652,1020.0
2023-09-12 07:30:00,3339,1.632,205.185,2.184,1020.0,19.399,1020.0,7.003,1020.0,93.987,1020.0,8.071,1020.0,35.628,1020.0,53.816,1020.0,2.412,1020.0
2023-09-12 08:00:00,3340,5.315,161.71,1.937,1020.0,19.403,1020.0,7.05,1020.0,94.634,1020.0,8.074,1020.0,35.631,1020.0,53.821,1020.0,2.459,1020.0
2023-09-12 08:30:00,3341,0.742,286.401,1.814,1020.0,19.43,1020.0,7.096,1020.0,95.291,1020.0,8.075,1020.0,35.636,1020.0,53.828,1020.0,2.49,1020.0
2023-09-12 09:00:00,3342,3.444,20.217,1.832,1020.0,19.445,1020.0,7.067,1020.0,94.921,1020.0,8.073,1020.0,35.629,1020.0,53.819,1020.0,2.225,1020.0
2023-09-12 09:30:00,3343,3.394,208.386,1.699,1020.0,19.486,1020.0,7.182,1020.0,96.553,1020.0,8.079,1020.0,35.636,1020.0,53.828,1020.0,2.091,1020.0
2023-09-12 09:30:00,3344,3.394,208.386,1.699,1020.0,19.486,1020.0,7.182,1020.0,96.553,1020.0,8.079,1020.0,35.636,1020.0,53.828,1020.0,2.091,1020.0
2023-09-12 10:00:00,3345,4.036,35.958,1.357,1020.0,19.469,1020.0,7.369,1020.0,99.051,1020.0,8.082,1020.0,35.663,1020.0,53.864,1020.0,2.2,1020.0
2023-09-12 10:30:00,3346,4.028,158.936,1.81,1020.0,19.684,1020.0,7.344,1020.0,99.093,1020.0,8.08,1020.0,35.638,1020.0,53.831,1020.0,2.064,1020.0
2023-09-12 11:00:00,3347,3.507,318.312,1.124,1020.0,19.708,1020.0,7.461,1020.0,100.723,1020.0,8.088,1020.0,35.657,1020.0,53.856,1020.0,2.411,1020.0
2023-09-12 11:30:00,3348,1.657,270.17,1.446,1020.0,19.792,1020.0,7.551,1020.0,102.103,1020.0,8.091,1020.0,35.657,1020.0,53.856,1020.0,2.329,1020.0
2023-09-12 12:00:00,3349,4.494,254.376,2.14,1020.0,19.888,1020.0,7.564,1020.0,102.437,1020.0,8.088,1020.0,35.647,1020.0,53.844,1020.0,2.334,1020.0
2023-09-12 12:30:00,3350,6.507,169.565,1.826,1020.0,19.998,1020.0,7.615,1020.0,103.339,1020.0,8.091,1020.0,35.65,1020.0,53.848,1020.0,2.216,1020.0
2023-09-12 13:00:00,3351,6.126,278.292,2.206,1020.0,19.976,1020.0,7.568,1020.0,102.659,1020.0,8.092,1020.0,35.623,1020.0,53.811,1020.0,2.764,1020.0
2023-09-12 13:30:00,3352,4.449,77.379,2.223,1020.0,20.038,1020.0,7.715,1020.0,104.766,1020.0,8.093,1020.0,35.637,1020.0,53.83,1020.0,2.086,1020.0
2023-09-12 14:00:00,3353,6.311,350.706,2.798,1020.0,20.125,1020.0,7.782,1020.0,105.851,1020.0,8.096,1020.0,35.64,1020.0,53.835,1020.0,2.18,1020.0
2023-09-12 14:30:00,3354,2.214,235.835,2.633,1020.0,20.261,1020.0,7.94,1020.0,108.277,1020.0,8.104,1020.0,35.649,1020.0,53.847,1020.0,2.455,1020.0
2023-09-12 15:00:00,3355,1.073,154.326,2.916,1020.0,20.341,1020.0,7.978,1020.0,108.939,1020.0,8.106,1020.0,35.645,1020.0,53.842,1020.0,2.469,1020.0
2023-09-12 15:30:00,3356,4.55,133.261,3.082,1020.0,20.442,1020.0,8.084,1020.0,110.593,1020.0,8.106,1020.0,35.645,1020.0,53.843,1020.0,2.804,1020.0
2023-09-12 16:00:00,3357,10.164,33.653,3.417,1020.0,20.552,1020.0,8.026,1020.0,110.031,1020.0,8.106,1020.0,35.663,1020.0,53.868,1020.0,3.438,1020.0
2023-09-12 16:30:00,3358,9.872,119.01,3.706,1020.0,20.782,1020.0,7.909,1020.0,108.844,1020.0,8.086,1020.0,35.607,1020.0,53.795,1020.0,3.435,1020.0
2023-09-12 17:00:00,3359,10.487,56.497,3.263,1020.0,20.641,1020.0,7.956,1020.0,109.253,1020.0,8.096,1020.0,35.669,1020.0,53.877,1020.0,4.074,1020.0
2023-09-12 17:30:00,3360,9.9,75.346,2.947,1020.0,20.471,1020.0,7.816,1020.0,106.996,1020.0,8.098,1020.0,35.655,1020.0,53.857,1020.0,2.839,1020.0
2023-09-12 18:00:00,3361,2.792,137.062,3.118,1020.0,20.467,1020.0,7.802,1020.0,106.8,1020.0,8.097,1020.0,35.669,1020.0,53.876,1020.0,3.485,1020.0
2023-09-12 18:30:00,3362,4.717,58.651,3.204,1020.0,20.331,1020.0,7.67,1020.0,104.726,1020.0,8.092,1020.0,35.66,1020.0,53.863,1020.0,2.831,1020.0
2023-09-12 19:00:00,3363,0.932,39.91,3.375,1020.0,20.294,1020.0,7.751,1020.0,105.754,1020.0,8.1,1020.0,35.653,1020.0,53.853,1020.0,2.395,1020.0
2023-09-12 19:30:00,3364,9.704,39.773,3.421,1020.0,20.26,1020.0,7.715,1020.0,105.208,1020.0,8.098,1020.0,35.656,1020.0,53.857,1020.0,2.595,1020.0
2023-09-12 20:00:00,3365,2.67,42.331,3.502,1020.0,20.205,1020.0,7.702,1020.0,104.927,1020.0,8.094,1020.0,35.662,1020.0,53.865,1020.0,2.635,1020.0
2023-09-12 20:30:00,3366,5.144,156.844,3.242,1020.0,20.228,1020.0,7.692,1020.0,104.845,1020.0,8.097,1020.0,35.67,1020.0,53.875,1020.0,2.804,1020.0
2023-09-12 21:00:00,3367,2.535,110.812,3.243,1020.0,20.213,1020.0,7.672,1020.0,104.532,1020.0,8.096,1020.0,35.67,1020.0,53.876,1020.0,2.793,1020.0
2023-09-12 21:30:00,3368,2.391,300.729,3.121,1020.0,20.192,1020.0,7.634,1020.0,103.986,1020.0,8.096,1020.0,35.671,1020.0,53.877,1020.0,2.599,1020.0
2023-09-12 22:00:00,3369,9.14,28.095,2.936,1020.0,20.202,1020.0,7.623,1020.0,103.855,1020.0,8.092,1020.0,35.684,1020.0,53.894,1020.0,3.271,1020.0
2023-09-12 22:30:00,3370,7.683,237.702,3.426,1020.0,20.164,1020.0,7.604,1020.0,103.523,1020.0,8.093,1020.0,35.674,1020.0,53.881,1020.0,2.842,1020.0
2023-09-12 23:00:00,3371,4.758,196.064,3.365,1020.0,20.149,1020.0,7.277,1020.0,99.043,1020.0,8.092,1020.0,35.675,1020.0,53.882,1020.0,2.892,1020.0
2023-09-12 23:30:00,3372,2.216,312.603,3.11,1020.0,20.126,1020.0,7.083,1020.0,96.363,1020.0,8.092,1020.0,35.671,1020.0,53.876,1020.0,2.681,1020.0
2023-09-13 00:00:00,3373,3.054,184.945,3.585,1020.0,20.137,1020.0,6.849,1020.0,93.193,1020.0,8.09,1020.0,35.667,1020.0,53.871,1020.0,2.103,1020.0
2023-09-13 00:30:00,3374,3.312,327.775,4.061,1020.0,20.106,1020.0,7.009,1020.0,95.313,1020.0,8.096,1020.0,35.665,1020.0,53.868,1020.0,3.921,1020.0
2023-09-13 01:00:00,3375,5.139,14.855,3.533,1020.0,20.088,1020.0,7.123,1020.0,96.825,1020.0,8.089,1020.0,35.657,1020.0,53.858,1020.0,2.642,1020.0
2023-09-13 01:30:00,3376,3.51,309.499,3.237,1020.0,20.039,1020.0,6.869,1020.0,93.297,1020.0,8.089,1020.0,35.657,1020.0,53.858,1020.0,2.749,1020.0
2023-09-13 02:00:00,3377,3.315,240.487,3.458,1020.0,20.014,1020.0,7.021,1020.0,95.306,1020.0,8.086,1020.0,35.654,1020.0,53.854,1020.0,2.337,1020.0
2023-09-13 02:30:00,3378,6.513,266.955,3.081,1020.0,20.004,1020.0,6.921,1020.0,93.938,1020.0,8.087,1020.0,35.656,1020.0,53.856,1020.0,2.678,1020.0
2023-09-13 03:00:00,3379,2.661,245.361,3.415,1020.0,19.96,1020.0,7.071,1020.0,95.902,1020.0,8.089,1020.0,35.655,1020.0,53.854,1020.0,2.051,1020.0
2023-09-13 03:30:00,3380,2.562,85.787,3.768,1020.0,19.957,1020.0,6.958,1020.0,94.368,1020.0,8.085,1020.0,35.654,1020.0,53.853,1020.0,2.587,1020.0
2023-09-13 04:00:00,3381,8.027,336.582,3.164,1020.0,19.937,1020.0,6.822,1020.0,92.491,1020.0,8.087,1020.0,35.658,1020.0,53.858,1020.0,3.372,1020.0
2023-09-13 04:30:00,3382,2.163,347.121,3.501,1020.0,19.93,1020.0,6.905,1020.0,93.608,1020.0,8.084,1020.0,35.66,1020.0,53.861,1020.0,2.506,1020.0
2023-09-13 05:00:00,3383,3.16,334.072,3.131,1020.0,19.919,1020.0,7.018,1020.0,95.109,1020.0,8.081,1020.0,35.668,1020.0,53.872,1020.0,4.464,1020.0
2023-09-13 05:30:00,3384,4.401,65.256,3.142,1020.0,19.904,1020.0,7.016,1020.0,95.065,1020.0,8.081,1020.0,35.668,1020.0,53.872,1020.0,2.863,1020.0
2023-09-13 06:00:00,3385,2.877,16.241,2.993,1020.0,19.873,1020.0,6.89,1020.0,93.296,1020.0,8.079,1020.0,35.671,1020.0,53.876,1020.0,3.014,1020.0
2023-09-13 06:30:00,3386,1.125,329.707,3.089,1020.0,19.763,1020.0,6.984,1020.0,94.366,1020.0,8.089,1020.0,35.641,1020.0,53.835,1020.0,2.692,1020.0
2023-09-13 07:00:00,3387,1.593,113.418,2.49,1020.0,19.763,1020.0,6.751,1020.0,,,8.082,1020.0,35.643,1020.0,53.838,1020.0,3.764,1020.0
2023-09-13 07:30:00,3388,2.626,1.565,1.908,1020.0,19.718,1020.0,6.862,1020.0,92.63,1020.0,8.088,1020.0,35.631,1020.0,53.821,1020.0,2.473,1020.0
2023-09-13 08:00:00,3389,6.884,283.4,2.352,1020.0,19.745,1020.0,7.13,1020.0,96.307,1020.0,8.084,1020.0,35.63,1020.0,53.82,1020.0,3.211,1020.0
2023-09-13 08:30:00,3390,7.717,294.047,1.445,1020.0,19.807,1020.0,7.213,1020.0,97.534,1020.0,8.085,1020.0,35.634,1020.0,53.826,1020.0,2.86,1020.0
2023-09-13 09:00:00,3391,3.12,304.925,1.411,1020.0,19.896,1020.0,7.269,1020.0,98.458,1020.0,8.086,1020.0,35.635,1020.0,53.827,1020.0,2.579,1020.0
2023-09-13 09:30:00,3392,4.229,265.295,1.612,1020.0,20.057,1020.0,7.407,1020.0,100.632,1020.0,8.086,1020.0,35.648,1020.0,53.845,1020.0,2.725,1020.0
2023-09-13 09:30:00,3393,4.229,265.295,1.612,1020.0,20.057,1020.0,7.407,1020.0,100.632,1020.0,8.086,1020.0,35.648,1020.0,53.845,1020.0,2.725,1020.0
2023-09-13 10:00:00,3394,4.564,283.922,1.296,1020.0,20.198,1020.0,7.349,1020.0,100.085,1020.0,8.081,1020.0,35.634,1020.0,53.827,1020.0,2.656,1020.0
2023-09-13 10:30:00,3395,6.874,201.301,1.391,1020.0,20.287,1020.0,7.41,1020.0,101.088,1020.0,8.083,1020.0,35.635,1020.0,53.829,1020.0,2.462,1020.0
2023-09-13 11:00:00,3396,7.929,305.105,1.526,1020.0,20.406,1020.0,7.47,1020.0,102.136,1020.0,8.083,1020.0,35.645,1020.0,53.844,1020.0,2.631,1020.0
2023-09-13 11:30:00,3397,6.711,150.122,2.457,1020.0,20.4,1020.0,7.541,1020.0,103.085,1020.0,8.083,1020.0,35.645,1020.0,53.843,1020.0,2.521,1020.0
2023-09-13 12:00:00,3398,4.353,326.871,1.472,1020.0,20.502,1020.0,7.574,1020.0,103.725,1020.0,8.091,1020.0,35.643,1020.0,53.841,1020.0,2.183,1020.0
2023-09-13 12:30:00,3399,5.276,105.966,1.662,1020.0,20.637,1020.0,7.621,1020.0,104.635,1020.0,8.092,1020.0,35.647,1020.0,53.847,1020.0,2.356,1020.0
2023-09-13 13:00:00,3400,7.48,231.89,2.088,1020.0,20.749,1020.0,7.67,1020.0,105.517,1020.0,8.096,1020.0,35.648,1020.0,53.849,1020.0,2.608,1020.0
2023-09-13 13:30:00,3401,2.517,115.751,1.285,1020.0,21.012,1020.0,7.511,1020.0,103.827,1020.0,8.086,1020.0,35.658,1020.0,53.866,1020.0,2.193,1020.0
2023-09-13 14:00:00,3402,5.386,324.486,2.099,1020.0,21.118,1020.0,7.555,1020.0,104.63,1020.0,8.09,1020.0,35.648,1020.0,53.854,1020.0,2.369,1020.0
2023-09-13 14:30:00,3403,5.314,85.533,1.428,1020.0,21.311,1020.0,7.785,1020.0,108.195,1020.0,8.088,1020.0,35.66,1020.0,53.872,1020.0,2.045,1020.0
2023-09-13 15:00:00,3404,3.565,3.901,3.042,1020.0,21.284,1020.0,7.789,1020.0,108.189,1020.0,8.088,1020.0,35.638,1020.0,53.842,1020.0,1.886,1020.0
2023-09-13 15:30:00,3405,4.543,175.526,3.073,1020.0,21.268,1020.0,7.614,1020.0,105.72,1020.0,8.093,1020.0,35.642,1020.0,53.847,1020.0,2.164,1020.0
2023-09-13 16:00:00,3406,6.643,105.708,3.049,1020.0,21.315,1020.0,7.99,1020.0,111.037,1020.0,8.1,1020.0,35.646,1020.0,53.854,1020.0,2.218,1020.0
2023-09-13 16:30:00,3407,10.473,79.881,1.798,1020.0,21.331,1020.0,8.065,1020.0,,,8.1,1020.0,35.648,1020.0,53.855,1020.0,2.006,1020.0
2023-09-13 17:00:00,3408,9.302,117.215,3.212,1020.0,21.429,1020.0,8.015,1020.0,111.619,1020.0,8.107,1020.0,35.666,1020.0,53.881,1020.0,2.865,1020.0
2023-09-13 17:30:00,3409,6.699,87.549,3.406,1020.0,21.625,1020.0,8.158,1020.0,,,8.098,1020.0,35.699,1020.0,53.929,1020.0,2.695,1020.0
2023-09-13 18:00:00,3410,8.867,74.569,3.895,1020.0,21.625,1020.0,8.002,1020.0,111.86,1020.0,8.091,1020.0,35.705,1020.0,53.937,1020.0,3.235,1020.0
2023-09-13 18:30:00,3411,9.88,79.526,3.47,1020.0,21.698,1020.0,7.945,1020.0,111.222,1020.0,8.09,1020.0,35.721,1020.0,53.959,1020.0,3.124,1020.0
2023-09-13 19:00:00,3412,4.583,61.053,3.12,1020.0,21.476,1020.0,7.865,1020.0,109.666,1020.0,8.084,1020.0,35.723,1020.0,53.959,1020.0,3.146,1020.0
2023-09-13 19:30:00,3413,5.364,156.818,2.272,1020.0,21.345,1020.0,7.74,1020.0,107.677,1020.0,8.084,1020.0,35.731,1020.0,53.968,1020.0,3.205,1020.0
2023-09-13 20:00:00,3414,7.126,76.509,3.607,1020.0,21.333,1020.0,7.762,1020.0,107.971,1020.0,8.083,1020.0,35.752,1020.0,53.996,1020.0,2.792,1020.0
2023-09-13 20:30:00,3415,0.592,130.65,3.13,1020.0,21.289,1020.0,7.757,1020.0,107.831,1020.0,8.083,1020.0,35.758,1020.0,54.004,1020.0,2.707,1020.0
2023-09-13 21:00:00,3416,8.084,62.486,3.092,1020.0,21.246,1020.0,7.738,1020.0,107.477,1020.0,8.083,1020.0,35.757,1020.0,54.002,1020.0,2.549,1020.0
2023-09-13 21:30:00,3417,0.9,197.674,3.145,1020.0,21.209,1020.0,7.705,1020.0,106.948,1020.0,8.085,1020.0,35.749,1020.0,53.99,1020.0,2.787,1020.0
2023-09-13 22:00:00,3418,5.296,136.991,2.899,1020.0,21.184,1020.0,7.455,1020.0,103.42,1020.0,8.086,1020.0,35.748,1020.0,53.988,1020.0,2.805,1020.0
2023-09-13 22:30:00,3419,5.597,95.718,3.53,1020.0,21.167,1020.0,7.357,1020.0,102.042,1020.0,8.082,1020.0,35.749,1020.0,53.989,1020.0,2.371,1020.0
2023-09-13 23:00:00,3420,4.011,286.986,3.533,1020.0,21.142,1020.0,7.214,1020.0,100.007,1020.0,8.087,1020.0,35.75,1020.0,53.991,1020.0,2.522,1020.0
2023-09-13 23:30:00,3421,4.223,256.661,2.65,1020.0,21.118,1020.0,7.275,1020.0,100.803,1020.0,8.091,1020.0,35.742,1020.0,53.98,1020.0,2.447,1020.0
2023-09-14 00:00:00,3422,3.752,301.827,3.284,1020.0,21.093,1020.0,,,,,8.078,1020.0,35.742,1020.0,53.979,1020.0,2.809,1020.0
2023-09-14 00:30:00,3423,3.66,279.693,2.984,1020.0,21.05,1020.0,7.315,1020.0,101.244,1020.0,8.084,1020.0,35.737,1020.0,53.973,1020.0,2.354,1020.0
2023-09-14 01:00:00,3424,3.543,294.287,2.364,1020.0,21.019,1020.0,7.279,1020.0,100.67,1020.0,8.078,1020.0,35.732,1020.0,53.966,1020.0,2.176,1020.0
2023-09-14 01:30:00,3425,4.737,293.106,2.895,1020.0,20.972,1020.0,7.166,1020.0,99.039,1020.0,8.082,1020.0,35.73,1020.0,53.962,1020.0,2.414,1020.0
2023-09-14 02:00:00,3426,2.752,148.308,4.051,1020.0,20.962,1020.0,6.884,1020.0,95.111,1020.0,8.078,1020.0,35.729,1020.0,53.961,1020.0,2.279,1020.0
2023-09-14 02:30:00,3427,2.817,234.246,3.556,1020.0,20.93,1020.0,6.993,1020.0,96.569,1020.0,8.08,1020.0,35.727,1020.0,53.958,1020.0,2.293,1020.0
2023-09-14 03:00:00,3428,2.424,259.532,3.166,1020.0,20.884,1020.0,7.048,1020.0,97.239,1020.0,8.081,1020.0,35.72,1020.0,53.948,1020.0,2.143,1020.0
2023-09-14 03:30:00,3429,5.922,5.447,3.537,1020.0,20.836,1020.0,7.001,1020.0,96.506,1020.0,8.081,1020.0,35.719,1020.0,53.946,1020.0,2.123,1020.0
2023-09-14 04:00:00,3430,1.966,227.462,3.996,1020.0,20.837,1020.0,7.06,1020.0,97.317,1020.0,8.074,1020.0,35.723,1020.0,53.951,1020.0,1.958,1020.0
2023-09-14 04:30:00,3431,2.198,118.837,2.977,1020.0,20.802,1020.0,7.164,1020.0,98.69,1020.0,8.072,1020.0,35.725,1020.0,53.954,1020.0,2.167,1020.0
2023-09-14 05:00:00,3432,7.219,28.716,2.989,1020.0,20.7,1020.0,6.501,1020.0,,,8.071,1020.0,35.698,1020.0,53.916,1020.0,2.253,1020.0
2023-09-14 05:30:00,3433,2.143,76.489,3.231,1020.0,20.709,1020.0,6.646,1020.0,,,8.074,1020.0,35.718,1020.0,53.943,1020.0,2.73,1020.0
2023-09-14 06:00:00,3434,8.55,150.916,3.248,1020.0,20.744,1020.0,7.018,1020.0,96.584,1020.0,8.07,1020.0,35.723,1020.0,53.951,1020.0,2.924,1020.0
2023-09-14 06:30:00,3435,2.955,118.049,2.768,1020.0,20.723,1020.0,7.04,1020.0,96.849,1020.0,8.07,1020.0,35.728,1020.0,53.956,1020.0,3.124,1020.0
2023-09-14 07:00:00,3436,6.474,170.585,2.574,1020.0,20.737,1020.0,7.014,1020.0,96.521,1020.0,8.061,1020.0,35.724,1020.0,53.951,1020.0,3.545,1020.0
2023-09-14 07:30:00,3437,5.021,3.811,1.959,1020.0,20.725,1020.0,7.117,1020.0,97.907,1020.0,8.06,1020.0,35.719,1020.0,53.945,1020.0,2.655,1020.0
2023-09-14 08:00:00,3438,5.719,300.088,1.916,1020.0,20.737,1020.0,7.233,1020.0,99.525,1020.0,8.062,1020.0,35.726,1020.0,53.954,1020.0,3.428,1020.0
2023-09-14 08:30:00,3439,2.344,32.493,1.717,1020.0,20.756,1020.0,7.257,1020.0,99.893,1020.0,8.065,1020.0,35.716,1020.0,53.941,1020.0,2.948,1020.0
2023-09-14 09:00:00,3440,2.239,76.793,1.8,1020.0,20.785,1020.0,7.291,1020.0,100.409,1020.0,8.066,1020.0,35.717,1020.0,53.942,1020.0,3.043,1020.0
2023-09-14 09:30:00,3441,1.529,108.241,1.619,1020.0,20.835,1020.0,7.347,1020.0,101.27,1020.0,8.072,1020.0,35.711,1020.0,53.936,1020.0,2.695,1020.0
2023-09-14 09:30:00,3442,1.529,108.241,1.619,1020.0,20.835,1020.0,7.347,1020.0,101.27,1020.0,8.072,1020.0,35.711,1020.0,53.936,1020.0,2.695,1020.0
2023-09-14 10:00:00,3443,67.489,125.694,,,19.996,1020.0,,,101.811,1020.0,8.022,1020.0,,,0.037,1020.0,1.835,1020.0
2023-09-14 10:30:00,3444,10.559,307.008,,,17.707,1020.0,,,101.993,1020.0,8.038,1020.0,,,0.086,1020.0,1.669,1020.0
2023-09-14 11:00:00,3445,4.499,321.096,1.56,1020.0,21.183,1020.0,7.562,1020.0,104.892,1020.0,8.078,1020.0,35.717,1020.0,53.947,1020.0,2.424,1020.0
2023-09-14 11:30:00,3446,0.791,71.541,1.69,1020.0,21.295,1020.0,7.631,1020.0,106.051,1020.0,8.08,1020.0,35.717,1020.0,53.949,1020.0,2.534,1020.0
2023-09-14 12:00:00,3447,1.427,36.976,1.263,1020.0,21.414,1020.0,7.703,1020.0,107.294,1020.0,8.083,1020.0,35.72,1020.0,53.954,1020.0,2.351,1020.0
2023-09-14 12:30:00,3448,5.337,344.254,1.843,1020.0,21.49,1020.0,7.764,1020.0,108.294,1020.0,8.085,1020.0,35.723,1020.0,53.958,1020.0,3.02,1020.0
2023-09-14 13:00:00,3449,3.334,223.305,1.439,1020.0,21.532,1020.0,7.747,1020.0,108.128,1020.0,8.081,1020.0,35.709,1020.0,53.94,1020.0,2.438,1020.0
2023-09-14 13:30:00,3450,3.461,103.281,1.363,1020.0,21.67,1020.0,7.534,1020.0,105.388,1020.0,8.07,1020.0,35.68,1020.0,53.904,1020.0,1.957,1020.0
2023-09-14 14:00:00,3451,4.295,322.089,2.097,1020.0,21.616,1020.0,7.605,1020.0,106.287,1020.0,8.075,1020.0,35.685,1020.0,53.91,1020.0,2.301,1020.0
2023-09-14 14:30:00,3452,2.229,260.665,2.338,1020.0,21.62,1020.0,7.667,1020.0,107.154,1020.0,8.077,1020.0,35.691,1020.0,53.917,1020.0,2.118,1020.0
2023-09-14 15:00:00,3453,7.074,37.035,2.599,1020.0,21.654,1020.0,7.724,1020.0,108.015,1020.0,8.08,1020.0,35.694,1020.0,53.921,1020.0,2.043,1020.0
2023-09-14 15:30:00,3454,3.308,166.871,2.702,1020.0,21.672,1020.0,7.809,1020.0,109.26,1020.0,8.085,1020.0,35.701,1020.0,53.932,1020.0,2.024,1020.0
2023-09-14 16:00:00,3455,1.161,109.469,3.404,1020.0,21.707,1020.0,7.9,1020.0,110.604,1020.0,8.09,1020.0,35.709,1020.0,53.942,1020.0,2.604,1020.0
2023-09-14 16:30:00,3456,5.31,132.922,3.275,1020.0,21.723,1020.0,7.909,1020.0,110.762,1020.0,8.09,1020.0,35.714,1020.0,53.949,1020.0,2.657,1020.0
2023-09-14 17:00:00,3457,13.129,118.853,3.173,1020.0,21.865,1020.0,7.916,1020.0,111.161,1020.0,8.091,1020.0,35.735,1020.0,53.98,1020.0,3.688,1020.0
2023-09-14 17:30:00,3458,7.342,135.474,2.79,1020.0,21.916,1020.0,7.922,1020.0,111.355,1020.0,8.094,1020.0,35.756,1020.0,54.009,1020.0,3.808,1020.0
2023-09-14 18:00:00,3459,10.043,92.881,2.804,1020.0,21.899,1020.0,7.808,1020.0,109.703,1020.0,8.084,1020.0,35.737,1020.0,53.984,1020.0,4.104,1020.0
2023-09-14 18:30:00,3460,14.36,44.466,2.875,1020.0,21.66,1020.0,7.734,1020.0,108.213,1020.0,8.089,1020.0,35.753,1020.0,54.001,1020.0,3.097,1020.0
2023-09-14 19:00:00,3461,9.686,33.722,2.913,1020.0,21.768,1020.0,7.751,1020.0,108.645,1020.0,8.089,1020.0,35.714,1020.0,53.95,1020.0,3.42,1020.0
2023-09-14 19:30:00,3462,3.724,1.973,2.766,1020.0,21.615,1020.0,7.652,1020.0,106.977,1020.0,8.085,1020.0,35.745,1020.0,53.99,1020.0,3.286,1020.0
2023-09-14 20:00:00,3463,6.723,147.805,3.023,1020.0,21.657,1020.0,7.707,1020.0,107.836,1020.0,8.092,1020.0,35.76,1020.0,54.01,1020.0,3.515,1020.0
2023-09-14 20:30:00,3464,4.455,118.078,2.863,1020.0,21.537,1020.0,7.623,1020.0,106.431,1020.0,8.088,1020.0,35.749,1020.0,53.995,1020.0,2.984,1020.0
2023-09-14 21:00:00,3465,5.759,25.941,2.923,1020.0,21.571,1020.0,7.641,1020.0,106.747,1020.0,8.088,1020.0,35.745,1020.0,53.989,1020.0,3.045,1020.0
2023-09-14 21:30:00,3466,4.537,45.463,2.901,1020.0,21.52,1020.0,7.572,1020.0,105.685,1020.0,8.085,1020.0,35.744,1020.0,53.988,1020.0,3.07,1020.0
2023-09-14 22:00:00,3467,1.026,193.565,2.932,1020.0,21.486,1020.0,7.543,1020.0,105.205,1020.0,8.082,1020.0,35.737,1020.0,53.978,1020.0,2.922,1020.0
